Player,Team,Age,GP,W,L,Min,PTS,FGM,FGA,FG%,3PM,3PA,3P%,FTM,FTA,FT%,OREB,DREB,REB,AST,TOV,STL,BLK,PF,FP,DD2,TD3,+/-
Giannis Antetokounmpo,MIL,30,24,13,11,35,32.7,12.8,20.9,61.3,0.2,0.8,22.2,7,11.3,61.4,2,9.6,11.6,6,3.4,0.7,1.5,2.3,58.8,20,3,0.4
Shai Gilgeous-Alexander,OKC,26,31,26,5,34.5,31,10.9,20.9,52.3,2.1,6.2,34.4,7,7.9,88.2,0.8,4.8,5.6,6.2,2.7,1.9,1.2,2.2,53.7,2,0,12.1
Nikola Joki?,DEN,29,28,17,11,37.2,31,11.8,20.9,56.3,2.3,4.7,48.9,5.1,6.4,79.4,3.5,9.4,12.9,9.5,3.4,1.8,0.6,2,64.3,22,13,8.5
LaMelo Ball,CHA,23,22,6,16,33.7,30.1,10.5,24.6,42.5,4.5,13,34.6,4.7,5.5,84.4,0.9,4.5,5.3,7.4,4.1,1.3,0.2,3.7,48.1,6,0,-1.8
Paolo Banchero,ORL,22,5,3,2,36.4,29,9.6,19.4,49.5,2.2,6.4,34.4,7.6,11.8,64.4,2.4,6.4,8.8,5.6,2.2,0.6,0.8,2.6,50,2,0,5.8
Jayson Tatum,BOS,26,29,21,8,36.6,28.5,9.4,20.3,46.6,3.9,10.5,36.7,5.7,7.1,80.6,0.7,8.9,9.6,5.6,2.8,1.3,0.5,2.6,50.9,16,1,8.5
Luka Doncic,DAL,25,22,13,9,35.7,28.1,9.8,21.2,46.4,3.4,9.6,35.4,5.1,6.6,76.7,0.7,7.6,8.3,7.8,3.4,2,0.4,2.6,53.7,10,3,7.6
Kevin Durant,PHX,36,21,14,7,35.9,27.7,9.7,19.1,50.9,2.4,5.9,41.1,5.8,6.9,84.1,0.5,5.9,6.4,3.7,3.3,0.8,1.3,1.8,43.7,2,0,-0.9
De'Aaron Fox,SAC,27,32,13,19,37.3,26.3,9.8,20.3,48.1,2,6.3,32.2,4.8,6,80.1,1.1,3.9,5,6.3,3.4,1.7,0.3,2.7,44.3,5,0,-0.3
Anthony Davis,LAL,31,30,18,12,34.7,26,9.4,17.8,52.7,0.7,2.1,31.3,6.6,8.5,77.6,2.6,8.9,11.5,3.5,2.2,1.2,2,1.9,52.7,22,0,-0.3
Tyrese Maxey,PHI,24,23,11,12,37.2,26,9,21.4,42,3.3,9.6,33.9,4.7,5.7,82.6,0.2,3.5,3.7,5.4,2.2,2,0.4,2.3,43.7,4,1,-0.9
Damian Lillard,MIL,34,23,12,11,36.3,25.9,7.9,17.7,44.8,3.4,9.3,36.9,6.6,7.2,92.1,0.6,4,4.6,7.7,2.9,1.1,0.2,1.9,43.9,7,0,-0.9
Victor Wembanyama,SAS,20,27,14,13,33.1,25.5,9.1,19.1,47.8,3.4,9.5,35.9,3.8,4.3,88,1.9,8.2,10,3.8,3.5,1,4,2,54.8,12,1,3.4
Jalen Brunson,NYK,28,33,23,10,34.9,25.2,8.6,17.8,48.3,2.5,6.2,40.3,5.6,6.8,82.5,0.4,2.5,3,7.7,2.4,0.8,0.1,2.2,40.5,7,0,6.3
Devin Booker,PHX,28,26,14,12,36.6,25.1,8,18.2,43.9,2.7,7.7,34.5,6.5,7.2,89.9,1.2,2.5,3.7,6.4,2.3,1.1,0.3,2.2,41.2,3,0,-1.7
Anthony Edwards,MIN,23,31,17,14,36,24.9,8.9,20.1,44.2,4,9.8,41.1,3.1,3.8,80.5,0.7,4.9,5.6,4,3.1,1.3,0.6,1.9,40.3,1,0,2.2
Jaylen Brown,BOS,28,27,20,7,35.7,24.9,9.1,19.7,46.1,2.4,7.2,33.5,4.3,5.9,73.4,1.4,4.5,5.9,4.7,2.7,1.4,0.3,2.4,41.2,3,0,8.4
Karl-Anthony Towns,NYK,29,31,22,9,34.2,24.7,8.9,16.1,55,2.2,4.9,43.8,4.8,5.8,83.3,2.9,10.6,13.5,3.3,2.6,0.8,0.9,3.6,48.5,27,0,7.4
Cam Thomas,BKN,23,18,7,11,32.9,24.7,7.9,17.5,45.4,2.9,7.4,39.1,5.9,6.8,87,0.4,3,3.4,3.4,2.8,0.7,0.1,1.9,33.3,0,0,-2.8
Norman Powell,LAC,31,25,15,10,33.6,24.6,8.6,17.4,49.4,3.8,8.2,45.9,3.7,4.4,84.4,0.3,3,3.3,2.5,2.1,1.2,0.2,2.1,34.5,1,0,3.3
Kyrie Irving,DAL,32,29,19,10,35.5,24.6,9,18.5,48.9,3.2,7.2,44.5,3.3,3.7,90.6,1.1,3.4,4.5,5,2.2,1.1,0.3,2.1,39.6,0,0,5.6
Franz Wagner,ORL,23,25,16,9,33.2,24.4,8.8,18.9,46.5,2,6.4,32.1,4.8,5.4,88.1,0.9,4.7,5.6,5.7,2.4,1.7,0.5,2.3,43.8,2,0,5.8
Tyler Herro,MIA,24,30,16,14,35.2,24,8.3,17.5,47.6,3.9,9.6,41,3.4,4.1,84.4,0.3,5.4,5.7,5.2,2.5,0.7,0.1,1.6,38.7,5,0,1.9
Cade Cunningham,DET,23,28,13,15,35.9,24,9,20,44.7,2.4,6.6,36.2,3.6,4.5,80.3,1,5.7,6.7,9.7,4.4,0.8,0.9,2.8,47.1,16,6,-1.4
Donovan Mitchell,CLE,28,31,27,4,31.5,23.6,8.4,18.3,45.8,3.8,9.3,41.3,3,3.7,81,0.5,4.1,4.6,4.6,2.1,1.5,0.3,2,39.4,2,0,8.4
LeBron James,LAL,40,28,16,12,35,23.5,9,18.1,49.6,2,5.6,35.7,3.5,4.6,76.7,1,6.9,7.9,9,3.9,0.8,0.6,1.3,46.8,15,8,-3.7
RJ Barrett,TOR,24,27,6,21,34.1,23.4,8.5,18.5,45.9,1.9,5.6,34.4,4.5,6.2,72.6,0.9,5.9,6.8,6.2,3.4,0.7,0.4,2.5,40.7,7,2,-3.9
Zion Williamson,NOP,24,6,2,4,31.1,22.7,7.8,17.3,45.2,0.3,1,33.3,6.7,10,66.7,2.7,5.3,8,5.3,3.7,0.7,1.2,3,42.1,3,0,-2.3
Joel Embiid,PHI,30,10,5,5,28.7,22.4,7.1,16.3,43.6,1.2,4.2,28.6,7,7.5,93.3,1.5,5.3,6.8,3.9,3.2,1,1.1,2.3,39.5,2,0,-1.7
Brandon Ingram,NOP,27,18,5,13,33.1,22.2,8.6,18.5,46.5,2.4,6.4,37.4,2.6,3.1,85.5,0.9,4.6,5.6,5.2,3.8,0.9,0.6,2.5,37.3,0,0,-7.1
James Harden,LAC,35,31,19,12,34.2,22.1,6.3,16.1,39.2,2.9,8.3,34.8,6.6,7.4,89.1,0.6,5.6,6.2,8,4.8,1.5,0.6,2.1,43,12,1,2.8
Stephen Curry,GSW,36,26,12,14,31.2,22,7.3,16.7,43.7,4.2,10.5,40.1,3.2,3.5,92.3,0.5,4.3,4.7,6.4,3.1,1.2,0.5,1.1,39.3,4,0,5.2
Trae Young,ATL,26,31,17,14,36,22,6.7,16.8,39.7,2.8,8.5,33.6,5.8,6.6,87.9,0.6,3,3.6,12.1,4.5,1.3,0.2,2.1,44.5,23,0,2.5
Zach LaVine,CHI,29,28,13,15,33.4,22,7.9,15.8,49.9,3.3,7.4,44.7,3,3.6,81.4,0.2,4.4,4.6,4.3,3,0.8,0.3,1.7,34.2,1,0,-0.6
Jaren Jackson Jr.,MEM,25,31,21,10,28.2,21.6,7.7,15.7,49.2,1.8,5.1,34.8,4.4,5.3,81.8,1.4,4.5,5.9,1.8,2.1,1.5,1.7,3.2,38.8,1,0,7.7
CJ McCollum,NOP,33,20,3,17,33.7,21.4,8.2,18.7,44,2.9,8.2,34.8,2.2,3.1,70.5,0.8,3.1,3.9,4.1,1.8,1.1,0.5,2.5,35,0,0,-7
Brandon Miller,CHA,22,23,6,17,34.5,21.4,7.4,18.6,40,3.9,11,35.2,2.7,3,89.7,0.9,4.2,5.1,3.7,2.8,1.1,0.7,2.7,35.7,2,0,-4.6
Jordan Poole,WAS,25,26,5,21,31.6,21.3,6.9,15.9,43.2,3.5,8.7,40.7,4,4.8,84,0.3,2.3,2.7,5,3.5,1.6,0.5,3.4,35,0,0,-9.4
Jalen Williams,OKC,23,31,26,5,32.2,21.2,8.4,17.5,47.9,1.9,5.2,35.8,2.6,3.3,81.2,1,4.9,5.9,5.1,2.3,1.7,0.7,2.6,41.1,3,0,6.4
Ja Morant,MEM,25,20,14,6,27.7,21.2,7.1,15.7,45.4,1.6,4.8,32.3,5.5,6.5,83.8,0.7,3.8,4.4,7.9,3.8,1.1,0.4,1.6,39,7,1,7.6
Domantas Sabonis,SAC,28,29,12,17,35.6,20.9,8.2,13.7,59.8,1,2.4,42.9,3.5,4.4,79.1,3.6,9.9,13.5,6.1,2.8,0.8,0.4,3.5,47,27,4,2.4
DeMar DeRozan,SAC,35,27,11,16,35.5,20.9,7.7,15.8,48.9,0.6,2.1,29.8,4.8,5.6,85.4,0.6,3.3,3.9,4,1.6,1.4,0.4,2,35.6,0,0,0.9
Darius Garland,CLE,24,31,27,4,30,20.7,7.5,14.9,49.9,3,6.8,43.4,2.8,3.1,90.7,0.5,2.1,2.6,6.5,2.4,1.1,0.2,2.2,35.2,3,0,7.1
De'Andre Hunter,ATL,27,22,15,7,27.9,20.6,6.7,13.4,50,2.8,6.1,45.2,4.5,5.1,87.6,0.6,3.5,4.1,1.3,1.3,0.8,0.1,2.4,29.1,0,0,2
Nikola Vu?evi?,CHI,34,32,14,18,32.2,20.6,8.3,14.6,56.8,2.1,4.7,45.3,1.8,2.2,83.1,2.2,7.8,10,3.3,1.7,0.8,0.7,2.3,40.3,20,0,-2.9
Julius Randle,MIN,30,31,17,14,33.2,20.2,6.9,14.4,47.8,1.8,4.9,36.4,4.7,5.7,82,1.8,5.1,7,4.4,2.9,0.7,0.2,2.5,34.8,6,0,1.3
Trey Murphy III,NOP,24,20,2,18,34.1,20.1,6.9,15.1,45.7,3.1,8.3,37,3.3,3.7,89,0.8,3.7,4.5,2.6,1.8,1.2,0.7,2.3,33.1,0,0,-9
Scottie Barnes,TOR,23,19,5,14,34.1,19.9,7.4,16.2,45.5,1.6,5.6,28,3.6,4.9,74.2,1.8,6,7.8,7.1,3.7,1.4,0.6,2.3,42.2,7,1,-4.9
Jalen Johnson,ATL,23,31,17,14,36.5,19.9,7.9,15.5,50.9,1.4,4.2,33.1,2.7,3.6,74.8,1.8,8.4,10.2,5.4,3,1.5,1.1,2,45,18,1,2.8
Pascal Siakam,IND,30,33,16,17,33.8,19.8,7.5,14.5,52.2,1.9,4.4,43.8,2.8,3.6,78.2,1.6,5.5,7.2,3.4,1.4,1,0.3,2.9,35.9,5,0,0.6
Jamal Murray,DEN,27,25,13,12,36.7,19.8,7.1,16.2,44,2.2,5.9,36.5,3.4,4,84.2,0.5,3.7,4.2,6.4,2.3,1.5,0.7,1.8,38.7,4,0,4.5
Lauri Markkanen,UTA,27,26,5,21,31.9,19.6,6.1,13.8,43.9,2.9,7.8,37.1,4.6,5.2,88.8,1.8,4.5,6.3,1.9,1.5,0.7,0.2,1.6,31.3,2,0,-6.1
Jalen Green,HOU,22,32,21,11,32.5,19.3,6.7,16.4,40.7,2.5,7.7,32,3.5,4,86,0.5,3.9,4.4,2.6,2.5,1,0.3,1.6,29.9,1,0,2.8
Cameron Johnson,BKN,28,30,12,18,32.6,19.1,6.2,12.8,48.8,3.2,7.5,42.9,3.5,3.9,88.9,0.7,3.6,4.3,3.1,1.5,0.9,0.5,1.8,31.6,1,0,-2.4
Bradley Beal,PHX,31,21,10,11,34.4,19,7.4,15,49.4,2.3,6,38.9,1.8,2.3,77.1,0.8,3.1,3.9,3.1,2.3,1.2,0.8,2.8,31.9,0,0,-5
Alperen Sengun,HOU,22,32,21,11,31.3,18.9,7.5,15.2,49.1,0.3,1.5,22.9,3.7,4.8,76,3.5,7.3,10.8,5.1,2.4,1.2,1,2.8,43.6,22,3,6.8
Michael Porter Jr.,DEN,26,31,18,13,34.4,18.7,7.2,13.8,51.9,2.5,6.1,41.3,1.9,2.7,69.9,1.6,5,6.6,2.7,1.5,0.7,0.4,2.2,32.5,4,0,4.4
Jimmy Butler,MIA,35,20,11,9,31.3,18.5,6.1,11.1,55.2,0.5,1.4,35.7,5.8,7.4,78.2,2.6,3.2,5.8,4.9,1.3,1.3,0.4,1,36.3,2,1,4.4
Evan Mobley,CLE,23,30,26,4,30.2,18.4,7.1,12.4,57,1.1,2.5,42.7,3.2,4.1,77.9,2.1,6.7,8.8,2.9,2.2,1,1.5,2.2,38.7,13,0,9.3
Kristaps Porzi??is,BOS,29,11,6,5,27.2,18.3,6.1,13.5,45.3,2,6.1,32.8,4.1,4.8,84.9,1.4,5,6.4,1.6,0.7,0.7,1.5,2.2,34.2,0,0,2.6
Shaedon Sharpe,POR,21,23,8,15,30.7,18.1,6.7,14.7,45.9,1.9,6.2,30.1,2.7,3.4,80.8,0.7,2.9,3.6,2.6,1.6,0.8,0.3,1.7,28,0,0,-4.7
Mikal Bridges,NYK,28,33,23,10,39.1,18,7.4,14.8,50.1,2.4,6.7,36.2,0.8,1.1,71.4,0.9,2.4,3.3,3.4,1.6,1.2,0.5,1.4,30.6,0,0,7.4
Coby White,CHI,24,31,13,18,32.9,18,6.1,14.4,42.1,3,8.5,35.2,2.8,3.2,88,0.4,3.2,3.6,4.6,2.4,1.1,0.2,2.5,30.7,1,0,-2.9
Miles Bridges,CHA,26,19,4,15,30.6,17.9,6.5,15.4,42.1,1.9,6.8,27.7,3.1,3.5,89.4,0.9,6.8,7.7,3.6,1.8,0.6,0.6,1.3,34.3,3,0,-5.4
Tyrese Haliburton,IND,24,33,16,17,35.2,17.8,6.1,14,43.7,2.9,8.3,34.9,2.6,3.1,85.3,0.7,2.9,3.6,8.7,1.9,1.2,0.5,1.4,38.4,12,0,-0.1
Austin Reaves,LAL,26,26,16,10,34.4,17.7,6,13.6,44.4,2.7,7.3,36.3,3,3.7,79.4,0.8,3.3,4.2,5.5,2.4,1,0.2,2.2,32.1,2,1,0.6
John Collins,UTA,27,26,7,19,30,17.7,6.5,12.3,52.3,1.4,3.3,42.4,3.4,3.9,87.1,2.2,6,8.2,2.5,2.6,1.1,0.8,2.9,34.6,8,0,-2.3
Gradey Dick,TOR,21,27,4,23,31.7,17.6,6,14.3,41.6,2.4,6.9,34.8,3.3,3.7,88.9,0.9,2.7,3.5,2.1,1.8,1,0.2,2.4,26.8,0,0,-3.2
Jaden Ivey,DET,22,29,13,16,30,17.4,6.3,13.9,45.3,2,5.1,39.2,2.9,3.9,73.7,1.4,2.9,4.2,4,2.9,0.9,0.4,2.3,29.5,0,0,-2.4
Collin Sexton,UTA,25,31,7,24,28.4,17.4,6.3,12.9,48.4,1.9,4.5,42.4,3,3.4,89.4,0.9,1.7,2.6,3.8,2.6,0.8,0.1,2.3,26.3,1,0,-2.4
Anfernee Simons,POR,25,28,9,19,31.3,17.2,6.1,14.9,40.9,2.5,7.6,32.7,2.5,2.8,90.9,0.3,2.3,2.6,4.9,2.4,1,0.1,1.9,28.5,1,0,-7.3
Derrick White,BOS,30,31,23,8,34.4,16.9,5.8,12.9,44.6,3.5,9.1,38.5,1.8,2.1,84.8,1,3.6,4.6,4.6,1.7,1,1.1,2.2,33.9,1,0,7
Jonathan Kuminga,GSW,22,30,16,14,26.4,16.8,6.1,13.5,44.8,1.2,3.7,31.8,3.5,5.4,64.2,1.5,3.6,5.1,2.1,1.5,0.9,0.6,2,29.1,2,0,-0.3
Malik Beasley,DET,28,32,14,18,28.1,16.7,5.8,13.5,43.4,3.9,9.3,41.8,1.1,1.5,70.8,0.6,2.5,3,1.9,1,0.8,0.1,1.3,24.6,1,0,1
Bennedict Mathurin,IND,22,33,16,17,32.9,16.6,5.6,12.2,45.9,1.4,3.9,36.4,3.9,4.7,84.4,1.3,4.9,6.2,1.8,2,0.7,0.4,2.7,27.8,5,0,0.5
Jalen Suggs,ORL,23,32,18,14,29.4,16.5,5.7,13.9,41,2.2,7,30.9,2.9,3.2,91.3,0.7,3.5,4.2,3.8,3,1.4,1,2.8,31.5,0,0,-0.3
Andrew Wiggins,GSW,29,28,13,15,29.1,16.4,5.8,12.9,44.6,2.2,5.4,40.7,2.8,3.5,78.6,1.6,2.8,4.4,2.4,1.2,0.9,0.9,1.7,29.2,2,0,-0.8
Chet Holmgren,OKC,22,10,8,2,26.5,16.4,5.6,11.1,50.5,1.4,3.7,37.8,3.8,4.9,77.6,1.6,7.1,8.7,2,2.3,0.8,2.6,1.8,37.7,4,0,9.1
OG Anunoby,NYK,27,33,23,10,36.3,16.4,6.2,13.1,47.1,2.1,6,35.2,1.9,2.3,80.5,1.2,3.9,5.1,1.9,1.3,1.5,1,2.5,31.4,0,0,7.7
Dennis Schr�der,GSW,31,30,11,19,32.3,16.3,5.6,13.3,42.4,2.2,6.1,35.3,2.8,3.2,87.6,0.2,2.5,2.7,6,2.5,1,0.2,2.5,29.4,4,0,-3.5
Jordan Clarkson,UTA,32,20,5,15,26.4,16.3,5.5,13.3,41.4,1.9,5.7,33.6,3.4,4.1,82.7,0.7,2.9,3.5,4.1,2.5,0.9,0.3,1.6,27.6,0,0,-7.1
Bam Adebayo,MIA,27,30,16,14,34.9,16.1,6.2,13.7,45,0.8,2.7,28.8,3,4.2,71.7,2.4,7.5,9.9,4.7,2.1,1.4,0.9,2.2,39.8,17,1,1.2
Dejounte Murray,NOP,28,16,2,14,34,16,5.9,16.3,36.5,1.4,5.3,27.1,2.7,3.3,82.7,0.4,6.3,6.8,7.5,4.1,2.6,0.5,2.4,40.5,4,0,-12
Keyonte George,UTA,21,26,5,21,31.5,15.8,5.3,13.5,39.2,2.7,7.7,34.7,2.6,3.2,79.8,0.5,2.9,3.3,5.7,3.3,0.7,0.2,1.7,27.9,1,0,-7.8
Malik Monk,SAC,26,25,11,14,29.9,15.8,5.7,13,44,2.4,6.8,35.5,2,2.3,86.2,0.2,3.4,3.6,4.8,1.8,0.8,0.6,2.4,29.7,2,0,0.8
Paul George,PHI,34,19,10,9,32.1,15.8,5.6,13.9,40.4,2,6.4,31.4,2.5,3.2,78.7,0.7,4.8,5.5,4.8,2.5,2,0.5,2.3,34.5,1,0,-1.9
Devin Vassell,SAS,24,17,8,9,27.6,15.8,5.8,12.7,45.8,2.2,5.7,39.2,1.9,2.3,82.1,0.8,2.3,3.1,2.8,1.5,1,0.4,1.9,26.4,0,0,-6
Desmond Bane,MEM,26,25,16,9,28.2,15.7,5.8,12.4,46.3,2,5.8,35.4,2.1,2.5,85.5,0.8,5.1,6,4.8,2.2,1.2,0.4,2.6,32.6,2,0,6.2
Payton Pritchard,BOS,26,32,23,9,28.8,15.6,5.3,11.3,46.8,3.7,8.7,41.9,1.3,1.5,85.4,1.5,2.3,3.8,3.4,1.1,0.9,0.1,1.8,27.3,3,0,5.3
Jakob Poeltl,TOR,29,27,7,20,31.9,15.4,6.6,11.1,59,0,0.1,0,2.3,3.4,68.5,3.9,7,10.9,2.7,2.2,1.1,1.3,3.6,37.6,14,0,-2.6
Ivica Zubac,LAC,27,32,19,13,32.7,15.4,6.9,11.3,61.7,0,0,0,1.5,2.9,51.6,4,8.6,12.7,2.5,1.8,0.7,1.1,2,38,22,0,3.8
Fred VanVleet,HOU,30,30,19,11,35.1,15.4,5.4,14.2,37.9,2.6,8,32.5,2,2.5,79.7,0.8,3.7,4.6,6,1.5,1.4,0.5,2.4,34.2,3,0,5.7
Immanuel Quickley,TOR,25,3,0,3,22.5,15.3,5.3,14,38.1,2,5.3,37.5,2.7,3,88.9,0.3,1.7,2,4,1.3,0.7,0,2.3,24.4,0,0,-9.7
Kyle Kuzma,WAS,29,13,1,12,27,15.3,6.2,14.6,42.1,1.2,4.7,26.2,1.8,2.8,63.9,0.7,4.6,5.3,2,2.4,0.5,0.2,2,24.4,1,0,-11.2
Jared McCain,PHI,20,23,7,16,25.7,15.3,5.5,11.9,46,2.2,5.8,38.3,2.1,2.4,87.5,0.6,1.9,2.4,2.6,1.6,0.7,0,1.6,22.5,1,0,-1.2
Jerami Grant,POR,30,29,10,19,32.7,15,4.9,12.7,38.2,2.4,6.4,38.2,2.8,3.4,82,0.5,3.1,3.6,2.3,1.4,0.9,1,2.3,27,0,0,-8.4
Myles Turner,IND,28,31,15,16,31.3,14.9,5.4,11.1,48.4,1.9,4.9,39.2,2.2,3,72.3,1.3,5.7,7.1,1.6,2.3,0.8,2.1,2.9,31.9,5,0,-0.7
Deandre Ayton,POR,26,22,7,15,30.6,14.8,6.9,12.2,56.1,0.3,1.1,25,0.8,1.3,64.3,3,7.4,10.4,1.4,1.7,1,1,2.4,33.4,13,0,-7.4
Malcolm Brogdon,WAS,32,15,2,13,25.3,14.5,5,11,45.5,1,2.9,34.1,3.5,4,86.7,1,3.2,4.2,3.8,1.9,0.7,0.3,1.7,26.1,2,0,-9
Josh Hart,NYK,29,32,22,10,37.1,14.4,5.4,9.4,57.6,1.4,3.5,39.3,2.2,2.7,81.4,1.8,6.8,8.6,5.5,1.8,1.5,0.4,2.4,36.7,13,3,6.3
Jeremy Sochan,SAS,21,19,8,11,30,14.4,5.6,10.7,52.7,0.5,1.7,27.3,2.7,3.7,72.9,2.7,5.7,8.4,2.8,1.9,0.9,0.7,2.6,31.5,6,0,-0.7
Christian Braun,DEN,23,30,17,13,33.7,14.1,5.4,9.7,55.9,0.9,2.5,36.8,2.4,3,80,1.2,3.6,4.8,2,1.2,1.3,0.6,2.3,27.4,0,0,6.2
Tre Mann,CHA,23,13,6,7,24.5,14.1,5.4,12.4,43.5,1.8,4.6,40,1.5,1.6,90.5,0.9,2,2.9,3,1.9,0.5,0.3,1.8,22.7,0,0,-4.2
Klay Thompson,DAL,34,28,16,12,27.7,14.1,5.1,12.2,41.6,3,7.9,38,0.9,1,89.7,0.6,2.8,3.4,1.9,1.2,1,0.4,1.4,23.9,0,0,6.3
Bobby Portis,MIL,29,29,15,14,25.2,14.1,5.8,12.3,47.3,1.4,3.7,37.4,1,1.3,76.9,1.8,6,7.8,2.2,1.3,0.7,0.6,1.7,29.4,5,0,-1.8
Dillon Brooks,HOU,28,29,19,10,31.9,13.9,5,11.8,42.8,2.3,6.1,38.6,1.5,1.8,86.3,1.3,2.7,4,1.6,1.1,0.7,0.3,3.3,22.9,0,0,6.1
Aaron Gordon,DEN,29,17,10,7,28.7,13.7,4.8,9.1,52.3,1.3,2.9,44,2.9,3.8,75.4,1.9,3.9,5.8,3.1,1.4,0.5,0.2,1.8,25.8,2,0,5.5
Khris Middleton,MIL,33,9,5,4,22.8,13.7,4.9,10.7,45.8,2,4.1,48.6,1.9,2.3,81,0.2,3.9,4.1,5.3,2.4,1,0.2,2.8,27.8,0,0,5
Deni Avdija,POR,23,31,11,20,26.6,13.3,4.3,9.7,44.7,1.4,4,35.8,3.2,4.1,78.1,1.3,4.5,5.8,3.2,2.1,0.9,0.7,2.2,27.8,2,0,-5.7
Bilal Coulibaly,WAS,20,28,5,23,34.7,13.3,4.8,11.1,42.8,1.2,4,29.7,2.6,3.3,78.5,1.4,4.3,5.6,3.7,2.1,1.4,0.8,2.5,30.3,1,0,-11.3
Jarrett Allen,CLE,26,32,28,4,29.2,13.3,5.4,7.9,68.7,0,0,0,2.4,3.3,73.6,2.3,7.7,10,1.9,1.1,1,0.8,1.3,32.5,18,0,6.4
Dyson Daniels,ATL,21,29,16,13,33.6,13,5.4,11.9,45.7,1.2,3.8,32.7,0.9,1.5,60.5,1.6,3.5,5.1,3.5,1.9,3.1,0.9,2.5,34.4,1,0,-2
Santi Aldama,MEM,23,31,21,10,25.7,13,5.1,10,50.8,1.7,4.5,38.8,1.1,1.4,76.7,1.5,5.7,7.3,3,1.2,0.9,0.5,1,29.3,8,0,6
Moritz Wagner,ORL,27,30,18,12,18.8,12.9,4.7,8.3,56.2,0.9,2.5,36,2.6,3.7,71.8,1.3,3.6,4.9,1.4,1.6,0.8,0.4,1.8,22.9,1,0,-0.6
Tobias Harris,DET,32,30,13,17,31.5,12.7,4.8,11.1,42.9,1.3,4.2,32,1.9,2.2,84.8,1,5.3,6.3,2.4,1.1,0.8,0.9,2,27.6,2,0,-1.8
Kelly Oubre Jr.,PHI,29,29,12,17,32.3,12.7,4.9,10.8,45,1.3,4.3,29.4,1.7,2.4,71,1.6,4.1,5.7,1.5,1.2,1.2,0.5,2.8,25.6,3,0,-3.6
Ayo Dosunmu,CHI,24,30,13,17,30.8,12.6,4.9,10,49,1.3,4.2,32,1.4,1.8,79.6,0.6,3.3,3.9,4.8,1.3,0.8,0.5,2.3,27,1,1,-4.6
Buddy Hield,GSW,32,32,16,16,22.8,12.6,4.5,10.5,42.9,2.8,7.2,39.3,0.8,0.8,92.3,0.6,2.8,3.4,1.2,1.3,0.8,0.3,1.8,20.5,0,0,1
Isaiah Hartenstein,OKC,26,16,15,1,30,12.6,5.4,9.3,58.1,0,0.4,0,1.8,2.8,64.4,2.9,9.7,12.6,3.8,1.9,0.8,1.2,3.1,37.5,12,0,7
Rui Hachimura,LAL,26,26,15,11,33.5,12.5,4.6,9.5,48.4,1.6,3.6,45.2,1.7,2.1,83.3,1.7,3.7,5.4,1.6,1,1,0.7,2,25.3,1,0,0.8
D'Angelo Russell,BKN,28,29,16,13,26.3,12.4,4.4,10.7,41.5,1.9,5.8,33.3,1.6,1.8,84.9,0.3,2.5,2.8,4.7,1.7,0.8,0.1,1.8,23.8,1,0,1.6
Tyus Jones,PHX,28,31,15,16,31.4,12.3,4.7,9.5,49.3,2.3,5.3,43.6,0.6,0.7,86.4,0.5,2,2.6,6.4,1.2,0.9,0.2,1,27.2,4,0,-2.5
Josh Giddey,CHI,22,29,14,15,27.3,12.3,4.7,10.4,44.9,1.2,4,31,1.8,2.4,72.9,1.4,5.5,6.9,7,2.7,1,0.4,1.4,32.7,6,2,-1.7
Brook Lopez,MIL,36,30,16,14,32.7,12.3,4.7,9.6,48.4,2,5.2,37.8,1,1.3,74.4,1.2,3.7,4.9,1.6,1.1,0.9,2,2.3,28.2,1,0,1.3
Jrue Holiday,BOS,34,26,19,7,30.6,12.2,4.5,10,44.8,1.8,5.4,32.6,1.5,1.7,88.9,1.1,3.2,4.3,3.7,1.5,0.9,0.4,1.5,25.4,0,0,4.7
Daniel Gafford,DAL,26,31,19,12,20.7,12.2,5,7,72.2,0,0,0,2.2,3.2,67.7,2.5,3.6,6.2,1.2,1,0.5,1.3,2.6,25.8,2,0,0.7
Naz Reid,MIN,25,31,17,14,24.4,12.2,4.5,10,45.5,1.7,4.9,34.6,1.4,1.7,81.1,0.7,4.2,4.9,1.7,1.2,0.7,0.8,2.4,23.8,1,0,1.8
P.J. Washington,DAL,26,25,19,6,32.4,12.2,4.4,9.9,44.9,1.6,4,39.4,1.7,2.3,74.1,1.5,6.2,7.7,2.2,1.8,1.2,1.1,2,29.9,7,0,5.8
Julian Champagnie,SAS,23,32,16,16,28.3,12.2,4.2,9.7,43.1,2.6,7.1,37,1.2,1.3,90.2,0.7,4.1,4.8,1.4,1.1,0.9,0.6,1.6,23.2,0,0,1.7
Russell Westbrook,DEN,36,31,18,13,26.4,12.1,4.5,10,44.7,1.1,3.5,31.2,2,3.3,62.4,1.1,3.5,4.5,6.5,2.7,1.7,0.5,2.5,31.4,5,2,-1.2
Terry Rozier,MIA,30,27,13,14,28.7,12,4.3,10.8,39.7,1.7,5.3,32.2,1.7,2,88.7,0.7,3.3,4,2.7,1.5,0.7,0.4,1.4,22.8,0,0,-0.2
Bruce Brown,TOR,28,1,0,1,19.2,12,6,12,50,0,2,0,0,0,0,1,2,3,1,1,1,0,1,19.1,0,0,-6
Mark Williams,CHA,23,10,0,10,18.3,12,5,7.6,65.8,0,0,0,2,2.6,76.9,2.2,5,7.2,2.1,0.6,0.6,1,2,28,2,0,-5.7
Keldon Johnson,SAS,25,29,14,15,24.7,12,4.5,10,44.8,1,3.7,26.9,2,2.7,75.3,1.1,3.9,5,1.6,0.8,0.8,0.2,1.6,22.5,1,0,-3.5
Amen Thompson,HOU,21,32,21,11,27.8,11.9,4.6,8.3,55.6,0.3,1.3,26.2,2.3,3.4,69.4,2.5,4.6,7.1,2.2,1.8,1.1,1.1,2.3,28.5,7,0,3.6
Caris LeVert,CLE,30,26,24,2,23.9,11.9,4.2,8.1,51.2,1.8,3.9,47.5,1.8,2.6,68.7,0.5,2.2,2.7,3.8,1.3,1,0.5,1.3,23.9,0,0,10.5
Jabari Smith Jr.,HOU,21,32,21,11,31.2,11.9,4.1,9.5,43,1.7,4.9,35.3,2,2.3,87.7,1.8,4.8,6.7,1,0.9,0.3,1,2.3,24.4,5,0,3.5
Keegan Murray,SAC,24,31,13,18,35.5,11.9,4.6,11,41.6,1.6,5.5,29.1,1.1,1.3,87.2,2.2,5.2,7.4,1.4,1,0.7,0.8,2.9,26.4,9,0,1.1
Jonas Valan?i?nas,WAS,32,30,5,25,19.9,11.9,4.9,8.7,55.9,0.1,0.6,15.8,2,2.2,92.4,2.3,5.7,8.1,2.3,1.7,0.5,0.8,1.7,27,9,0,-6.6
Jordan Hawkins,NOP,22,17,3,14,24.8,11.8,3.8,10.6,35.9,1.9,6,32.4,2.2,2.5,88.1,0.4,2.6,2.9,1.1,1,0.4,0.5,0.9,18.7,0,0,-7.4
Alexandre Sarr,WAS,19,27,4,23,27.3,11.6,4.4,10.8,40.5,1.5,4.7,31.7,1.4,2.2,63.3,1.9,4.2,6.1,2.1,1.5,0.7,1.8,2.8,28.1,2,0,-9.7
Brandon Boston,NOP,23,30,3,27,25.4,11.5,4.3,9.7,44.2,1.3,3.6,34.9,1.6,2,80.3,0.6,2.7,3.3,2.7,1.4,1.4,0.2,1.8,23.2,0,0,-3.2
Scoot Henderson,POR,20,24,9,15,25.9,11.5,4.1,10.2,40.2,1.1,3.5,31.8,2.2,2.9,75.7,0.7,2.2,2.9,5,2.6,1.1,0.3,2.7,23.9,1,0,-4.8
Onyeka Okongwu,ATL,24,26,14,12,23.5,11.5,4.5,8.1,55,0.4,1.6,23.8,2.2,2.8,76.7,2.5,4,6.5,1.3,0.8,0.7,0.7,2.2,24.8,5,0,-1.4
Corey Kispert,WAS,25,25,4,21,26.9,11.4,4.2,9.5,43.9,2,5.8,33.6,1.1,1.3,84.4,0.4,2.8,3.2,1.6,1.1,0.6,0.2,1.6,18.7,0,0,-6.4
Bogdan Bogdanovi?,ATL,32,14,8,6,25.5,11.3,3.9,9.5,40.6,2.1,6.4,33.7,1.4,1.5,95.2,0.6,2.5,3.1,2.2,1.8,0.9,0.3,2.6,20,0,0,-0.3
Ochai Agbaji,TOR,24,32,7,25,30.1,11.3,4.5,8.9,50.9,1.7,4.1,41.2,0.5,0.8,65.4,0.9,3.1,4,1.9,0.8,0.9,0.5,2.4,22.1,0,0,-5
Jaylen Wells,MEM,21,33,22,11,24.8,11.3,4.1,9.1,44.9,1.8,4.8,37.3,1.3,1.6,81.1,0.9,2.2,3.1,1.7,1.2,0.5,0.2,1.8,18.3,0,0,3.5
Tari Eason,HOU,23,24,16,8,22.8,11.3,4.4,9.2,47.5,1,3,31.5,1.5,2,75.5,2.1,4.2,6.3,1,0.8,1.9,1,2.5,28.3,2,0,3.8
Zach Edey,MEM,22,20,12,8,21.9,11.3,4.7,7.7,60.4,0.5,1.1,42.9,1.5,2.4,63.8,3.7,4.3,8,1.1,1.6,0.8,1.2,2.9,26.7,4,0,6.3
Duncan Robinson,MIA,30,28,14,14,23.5,11.1,4,9.5,41.6,2.5,6.7,37.8,0.7,0.8,86.4,0.4,2,2.4,2.5,0.9,0.5,0.1,2.2,18.7,0,0,2.1
Herbert Jones,NOP,26,15,3,12,32.6,11.1,4.1,9.4,43.3,1.1,3.9,29.3,1.8,2.3,79.4,1.5,2.7,4.2,3.2,1.9,2,0.5,3.3,26.4,0,0,-2.3
T.J. McConnell,IND,32,32,16,16,19.7,11,5,9.1,55,0.2,0.7,30.4,0.8,1.1,74.3,0.7,1.9,2.6,4.3,1.6,1.2,0.3,1,23.3,1,0,-2.4
Andrew Nembhard,IND,24,18,11,7,26.7,10.9,4.1,8.4,48,0.8,2.3,34.1,2.1,2.3,88.1,0.4,2.7,3.1,4.9,1.8,0.8,0.2,1.8,22.9,0,0,4.3
Naji Marshall,DAL,26,26,15,11,23.2,10.9,4.3,8.2,52.8,0.8,2.4,31.7,1.4,1.6,88.1,0.9,2.3,3.3,2.2,1.3,0.8,0.1,1.4,19.5,0,0,1.8
Stephon Castle,SAS,20,31,15,16,25.1,10.9,3.8,10,38.3,1,3.7,26.7,2.2,3.1,70.8,0.6,1.8,2.5,3.6,1.9,0.8,0.3,1.7,20.8,0,0,-1.8
Scotty Pippen Jr.,MEM,24,33,22,11,22.5,10.8,4.2,8.7,47.7,1.1,3.1,36.6,1.4,2.1,67.1,0.7,2.8,3.5,5.1,2.1,1.1,0.4,2.4,24.8,6,1,1.3
Zaccharie Risacher,ATL,19,33,18,15,23.7,10.8,4,9.9,39.9,1.2,4.3,28.9,1.6,2.3,69.7,1.2,2.2,3.4,1.2,1.2,0.8,0.6,2.1,19.7,0,0,-1.8
Jose Alvarado,NOP,26,11,3,8,25.6,10.7,3.6,9.2,39.6,2.2,5.5,40,1.3,1.5,82.4,0.5,1.6,2.2,4.5,1.3,1.5,0.3,2.4,24.2,0,0,-6.9
Harrison Barnes,SAS,32,32,16,16,27.7,10.7,3.5,7.3,48.3,1.4,3.4,41.3,2.2,2.8,79.8,1.5,2.3,3.8,1.5,0.7,0.3,0.2,0.8,18.2,1,0,0.6
Justin Champagnie,WAS,23,13,3,10,25.8,10.5,4.2,7.8,53.9,1.4,3.7,37.5,0.7,1.1,64.3,2.4,4.6,7,1.1,1.2,1.2,0.9,2.5,25.9,2,0,-6.1
Rudy Gobert,MIN,32,31,17,14,33.8,10.5,4,6.3,63.6,0,0,0,2.5,3.5,70.9,3.5,7.2,10.7,1.7,1.5,0.7,1.4,2.6,30.8,14,0,1.2
Obi Toppin,IND,26,30,14,16,19.9,10.5,4.1,7.4,55.4,1.3,3.5,35.8,1,1.2,86.1,0.7,3.4,4.1,1.7,0.6,0.8,0.4,1.6,20.8,0,0,-1.8
Royce O'Neale,PHX,31,31,15,16,26.3,10.5,3.7,8.3,44.7,2.5,5.7,44.1,0.5,0.7,76.2,1,4.6,5.6,2.4,1,1,0.6,2.3,24.4,0,0,-0.6
Grayson Allen,PHX,29,23,13,10,23.9,10.4,3.2,8,40.4,2.2,5.8,37.6,1.8,2.2,84,0.7,2.5,3.2,1.8,1,0.9,0.3,1.5,19.5,1,0,0.6
Dorian Finney-Smith,LAL,31,20,7,13,29,10.4,3.7,8,45.9,2.4,5.4,43.5,0.8,1.2,62.5,1.6,3,4.6,1.6,0.9,0.9,0.6,2.7,21.8,0,0,2.1
Walker Kessler,UTA,23,25,6,19,29.8,10.4,4.5,6.3,70.9,0.1,0.1,66.7,1.4,2.6,52.3,4,7,11,1.6,1.5,0.5,2.8,2.3,34.4,12,0,-6.4
Grant Williams,CHA,26,16,6,10,29.9,10.4,3.4,7.7,43.9,1.7,4.6,36.5,1.9,2.3,83.8,1.1,4,5.1,2.3,1.8,1.1,0.8,2.9,24.1,0,0,0.6
De'Anthony Melton,BKN,26,6,4,2,20.2,10.3,3.7,9,40.7,2.2,5.8,37.1,0.8,1.3,62.5,1,2.3,3.3,2.8,1.7,1.2,0.3,3,21.4,1,0,4.5
Patrick Williams,CHI,23,23,11,12,27.1,10.3,3.6,9,39.6,1.9,5,38.6,1.3,1.4,87.9,0.9,3.5,4.3,2.1,1.5,0.9,0.6,1.3,21.7,1,0,-5.1
Chris Boucher,TOR,31,29,7,22,18.1,10.3,3.7,7.9,46.5,1.2,3.8,30.6,1.8,2.3,78.8,1.4,3,4.4,0.7,0.8,0.6,0.7,1.4,19.7,1,0,-1.8
Ty Jerome,CLE,27,31,27,4,17.7,10.3,3.7,7.5,50,1.4,3.3,41.7,1.4,1.5,89.6,0.6,1.4,2,3.5,1.1,1.2,0,1.5,20.5,0,0,3.3
Dalton Knecht,LAL,23,31,18,13,22.7,10.2,3.8,8,47.4,1.7,4.7,36.7,0.9,1.2,77.8,0.6,2.9,3.5,1.1,0.5,0.4,0.1,1.3,17,0,0,-1
Derrick Jones Jr.,LAC,27,30,18,12,24.9,10,4,7.9,50,1.1,2.9,37.5,1,1.1,88.2,1.2,2.2,3.3,1,1,1.3,0.4,2.1,19.6,0,0,0.9
Tim Hardaway Jr.,DET,32,29,12,17,27.2,10,3.3,7.9,41.9,1.9,5.3,36.1,1.4,1.7,87.5,0.2,1.8,2,1.6,0.7,0.3,0,1.3,15.1,0,0,-4.4
Donte DiVincenzo,MIN,27,31,17,14,25.3,9.9,3.4,8.7,38.9,2.4,6.6,35.6,0.8,1,80.6,0.4,3,3.4,3.4,1.6,1.2,0.2,1.5,21.7,0,0,0.9
Goga Bitadze,ORL,25,29,19,10,24.7,9.9,4.2,6.4,65.6,0,0.5,7.1,1.5,2,74.1,3,5.4,8.5,2.1,1.5,0.9,1.7,2.5,29.4,13,0,3
Amir Coffey,LAC,27,31,19,12,24.4,9.9,3.5,7.1,48.9,1.6,3.7,42.6,1.4,1.7,84.6,0.5,2.1,2.6,1.2,0.7,0.5,0.1,1.6,15.9,0,0,0.6
Kevin Porter Jr.,LAC,24,28,16,12,20.1,9.9,4,9.6,41.5,0.7,2.6,25.7,1.2,1.8,64.7,0.7,2.9,3.6,3,2.3,1,0.3,1.8,20.2,0,0,-0.9
Miles McBride,NYK,24,28,19,9,24.5,9.8,3.4,8.1,42.5,1.9,4.7,40.2,1,1.3,80,0.8,1.9,2.6,3,0.9,0.9,0.2,1.6,19.9,0,0,4.9
Jaden McDaniels,MIN,24,31,17,14,29.7,9.7,3.9,9,43.4,1.1,3.7,30.7,0.7,1.1,69.7,1.5,3.1,4.5,1.7,1,1.4,0.8,3.1,23.1,2,0,-1.5
Clint Capela,ATL,30,33,18,15,23,9.6,4.3,7.4,58,0,0,0,1,1.9,54,3.4,5.7,9.2,1.3,0.9,0.6,1,2,26.5,7,0,1.4
Kevin Huerter,SAC,26,28,12,16,25.2,9.6,3.6,8.4,43.4,1.8,5.6,31,0.6,0.8,69.6,0.5,3,3.5,2,1,1,0.5,2.2,20.3,0,0,-0.1
Luguentz Dort,OKC,25,30,25,5,29.3,9.6,3.3,8.2,39.8,2.1,5.5,38.6,0.9,1.2,80,1.5,3.1,4.6,1.6,0.5,1.2,0.8,3.1,22.8,0,0,7.2
Guerschon Yabusele,PHI,29,29,12,17,23.5,9.6,3.5,7,49.5,1.4,3.7,38.9,1.2,1.8,65.4,1.7,3.5,5.2,1.8,1.3,0.8,0.4,2.6,20.7,1,0,-0.3
Larry Nance Jr.,ATL,31,15,6,9,19.4,9.5,3.7,6.3,58.5,1.7,3.3,52,0.5,0.5,87.5,1.1,3.2,4.3,1.6,0.7,1.1,0.7,1.5,21.7,2,0,-4.4
Dalano Banton,POR,25,25,7,18,16.5,9.5,3.4,8.1,42.1,1.2,3.5,35.6,1.5,2.2,66.1,0.4,1.9,2.2,2.6,1.7,0.9,0.5,1.1,18.6,0,0,1.3
Chris Paul,SAS,39,32,16,16,29.1,9.5,3.1,7.5,41.7,1.7,4.8,35.5,1.5,1.6,98,0.5,3.7,4.1,8.4,1.8,1.5,0.2,1.8,30.2,9,0,3.8
Nic Claxton,BKN,25,26,8,18,25.6,9.4,4.1,7.3,56.3,0,0.3,12.5,1.2,2.3,50.8,2,5.4,7.4,2,1.3,0.9,1.2,2.2,26.2,5,0,-4
Yves Missi,NOP,20,32,5,27,26.9,9.4,3.8,6.8,55,0,0,0,1.9,2.9,64.9,3.9,4.7,8.5,1.4,1.2,0.7,1.4,2.3,26.8,7,0,-7.2
Gary Trent Jr.,MIL,25,28,16,12,24.9,9.4,3.3,7.9,41.8,2,5,39.7,0.8,0.9,88.5,0.2,2,2.2,0.9,0.7,1,0,2.1,15.8,0,0,-0.7
Nickeil Alexander-Walker,MIN,26,31,17,14,23.4,9.4,3.4,6.9,49.5,1.7,3.9,43.4,0.8,1.1,76.5,0.5,2.2,2.7,2.5,1.4,0.9,0.3,1.6,18.6,1,0,3.7
Jay Huff,MEM,27,29,19,10,15.2,9.3,3.3,6.3,52.2,1.7,4,41.4,1.1,1.5,76.7,0.6,2.1,2.7,0.8,0.7,0.3,1.1,1.7,17.3,0,0,-0.1
Nick Richards,CHA,27,17,3,14,21.9,9.3,3.2,5.6,56.8,0,0.1,0,2.9,4.5,65.8,2.3,5.5,7.8,1.2,1.7,0.4,1.2,2.7,23.6,4,0,-5.2
Jalen Duren,DET,21,29,13,16,24.8,9.3,3.8,5.4,69,0,0,0,1.8,2.9,60.7,3,6.1,9.1,2.3,2,0.5,1.1,3.2,26.7,10,0,-4.4
Quentin Grimes,DAL,24,30,19,11,21.3,9.3,3.2,6.7,47.5,1.6,3.8,42.1,1.3,1.7,73.1,0.8,3.1,3.9,1.6,1.1,0.7,0.2,1.7,17.9,0,0,2.8
Caleb Martin,PHI,29,24,9,15,29.6,9.3,3.2,7.6,42.3,1.1,2.9,37.1,1.8,2.7,64.6,1.5,3.1,4.5,2.1,1.6,1,0.5,1.9,20.6,1,0,-5.7
Aaron Nesmith,IND,25,6,2,4,22.7,9.2,3.2,6,52.8,1,1.8,54.5,1.8,2.2,84.6,0.7,3.3,4,1,0.8,0.7,0.3,4,17.6,0,0,-1.5
Marcus Smart,MEM,30,18,11,7,21.2,9.2,2.9,7.9,37.3,1.6,4.8,33.3,1.7,2,83.3,0.8,1.6,2.3,3.8,1.9,1.3,0.3,1.7,20.7,0,0,4.6
Jalen Wilson,BKN,24,31,11,20,26.3,9.1,3,7.6,39.7,1.5,4.3,33.8,1.6,1.9,84.7,0.9,2.4,3.4,1.9,1,0.5,0,2.3,16.6,0,0,-2.4
Al Horford,BOS,38,25,17,8,27.9,9.1,3.3,7.6,43.5,2.1,5.5,38,0.4,0.5,83.3,0.9,4.4,5.3,2.2,0.9,0.6,0.9,1.7,22.4,1,0,6.2
Trentyn Flowers,LAC,19,1,0,1,14.4,9,4,9,44.4,0,2,0,1,1,100,1,3,4,0,1,0,0,3,12.8,0,0,11
Carlton Carrington,WAS,19,30,5,25,29.8,9,3.4,8.4,39.9,1.5,4.4,33.8,0.7,0.9,81.5,0.3,4,4.3,3.9,1.9,0.8,0.2,3,21.2,2,0,-11.2
Aaron Wiggins,OKC,25,31,26,5,20,8.9,3.5,7.7,45,1.4,3.7,37.7,0.6,0.8,83.3,0.9,2.3,3.2,1.3,0.8,0.9,0.3,1.2,17.4,0,0,5.5
Julian Strawther,DEN,22,31,18,13,20.5,8.9,3.1,6.9,45.5,1.3,3.5,36.7,1.4,1.6,84.3,0.3,1.7,2.1,1.3,0.8,0.7,0.4,2.4,15.6,0,0,-3.8
Garrison Mathews,ATL,28,24,12,12,18.5,8.9,2.5,5.6,44.8,2.2,4.8,46.1,1.7,2,83.7,0.2,1.1,1.3,1.5,0.6,0.7,0.3,1.8,15.1,0,0,-1.9
Noah Clowney,BKN,20,23,8,15,20,8.9,3,7.1,41.5,2,5,39.1,1,1.3,79.3,0.9,2.7,3.7,0.7,0.9,0.3,0.5,2.8,16,0,0,-4.5
Peyton Watson,DEN,22,31,18,13,24,8.8,3.2,6.5,49.5,0.7,2.1,35.4,1.6,2.1,78.1,1,2.4,3.3,1.4,0.8,0.8,0.9,2,19.3,0,0,-0.7
Tristan da Silva,ORL,23,30,18,12,25.3,8.8,3.3,7.7,43.1,1.3,3.8,33.9,0.8,1.1,78.1,1,2.6,3.6,1.7,1,0.4,0.2,1.5,16.4,0,0,0.8
Jusuf Nurki?,PHX,30,23,12,11,24.3,8.8,3,6.7,45.2,0.7,2.4,30.4,2,2.8,69.2,1.9,7.6,9.5,1.9,2.3,1,0.7,3,25.5,8,0,-2.3
Toumani Camara,POR,24,30,10,20,30.5,8.7,3.3,7.8,41.9,1.5,4.2,34.6,0.7,1,73.3,2.2,3.4,5.6,1.9,1.5,1.3,0.5,2.8,22.2,0,0,-6.2
Kentavious Caldwell-Pope,ORL,31,33,19,14,30.9,8.7,2.9,7.5,39.3,1.4,4.8,28.9,1.4,1.5,92.2,0.3,1.7,2,2,0.8,1.6,0.6,2.1,20.2,0,0,3.4
Dereck Lively II,DAL,20,25,17,8,24.1,8.7,3.6,5.2,69.8,0,0,0,1.5,2.4,61.7,3.1,4.7,7.8,2.5,1.3,0.6,1.6,2.9,27.2,5,0,5.6
Trayce Jackson-Davis,GSW,24,31,15,16,18.7,8.7,3.8,6.2,60.6,0,0,0,1.1,1.7,64.8,2.1,3.7,5.9,2.1,0.8,0.4,0.9,1.3,21.8,3,0,-1.4
Ja'Kobe Walter,TOR,20,17,4,13,20.2,8.6,3.2,7.9,40.3,1.1,3.7,28.6,1.2,1.7,72.4,0.9,1.9,2.8,1.5,1,0.6,0.3,2.3,16,1,0,-3
Spencer Dinwiddie,DAL,31,30,19,11,22.2,8.6,2.5,6.7,37.6,1.2,3.8,32.7,2.3,2.6,88.6,0.2,1.9,2.1,3.3,0.8,0.9,0.3,1.5,18.6,0,0,1.4
Nikola Jovi?,MIA,21,21,11,10,20.1,8.6,2.8,6.2,44.6,1.2,3.2,38.2,1.9,2.3,81.3,0.5,3,3.6,1.7,0.7,0.9,0.1,1.5,17.6,0,0,1.9
Ziaire Williams,BKN,23,21,9,12,21.8,8.6,3,7.6,40.3,0.9,3.1,27.3,1.7,2.1,79.5,1,3.3,4.4,1.1,0.9,1,0.3,2.7,18.5,1,0,-3.2
Jaime Jaquez Jr.,MIA,23,26,15,11,21.6,8.6,3.2,7.6,41.6,0.5,2.1,25.5,1.8,2.3,75.4,1.3,3.4,4.7,2.1,1.5,1.1,0.1,1.6,19.6,1,0,-3
Svi Mykhailiuk,UTA,27,9,2,7,16.8,8.6,3,6.8,44.3,2.1,5.2,40.4,0.4,0.7,66.7,0.1,1.4,1.6,1.4,1.6,0.9,0.2,1,14.4,0,0,1.8
Anthony Black,ORL,20,33,19,14,24,8.5,3,7.2,41.2,0.6,2.4,26.6,1.9,2.6,75.3,0.6,2.1,2.7,3.5,2.2,0.9,0.7,2.3,19.6,0,0,-0.1
Draymond Green,GSW,34,28,14,14,28.5,8.5,2.9,7,41.1,1.4,3.8,37.7,1.3,2.1,60,1.1,5.3,6.3,5.6,2.5,1.1,1.1,3.2,28.6,2,0,2.4
Cody Martin,CHA,29,30,7,23,26,8.5,3.2,7.4,43.9,1.1,3.6,31.2,0.9,1.2,70.3,1.1,3.6,4.7,2.3,1.1,1.2,0.7,2,21.9,0,0,-2.3
Georges Niang,CLE,31,32,28,4,20.7,8.4,3.2,6.9,46.8,1.7,4.4,37.3,0.3,0.4,78.6,0.7,3.3,4,1.5,1,0.4,0.2,2.3,16.1,0,0,6.8
Jaylen Nowell,NOP,25,8,1,7,21,8.4,3.3,9.1,35.6,1,3.4,29.6,0.9,1.4,63.6,0.8,1.8,2.5,2.3,1,0.1,0.5,1.1,15.6,0,0,-5.3
Cam Whitmore,HOU,20,14,9,5,12.4,8.4,3.2,7.4,43.3,0.7,3.1,22.7,1.2,1.7,70.8,0.7,1.7,2.4,0.5,0.6,0.4,0.1,0.8,13,0,0,0.6
Trendon Watford,BKN,24,13,5,8,16,8.3,2.7,6.1,44.3,0.6,2,30.8,2.3,2.7,85.7,0.3,2.5,2.8,1.2,1.2,0.4,0.3,2.3,14.2,0,0,-4
Isaiah Joe,OKC,25,29,25,4,20.7,8.3,2.9,7.5,38.7,2.1,5.9,35.1,0.4,0.6,70.6,0.5,2.2,2.7,1.4,0.5,0.7,0.2,1.6,15.9,0,0,6.6
Jake LaRavia,MEM,23,33,22,11,22.1,8.2,2.9,5.9,49,1,2.2,44.4,1.5,2.1,70.6,1.5,3,4.5,3.2,1.7,0.9,0.5,2.2,21,1,0,4.5
Bones Hyland,LAC,24,12,5,7,11.4,8.2,2.5,6.1,41.1,1.9,4.3,44.2,1.3,1.5,83.3,0.3,0.8,1.1,1.2,1.3,0.9,0.3,1.3,13.7,0,0,-3.9
Mike Conley,MIN,37,27,17,10,25.3,8.1,2.5,7.3,34.5,1.8,5.1,35.5,1.2,1.3,91.7,0.5,2.3,2.8,4.4,1.2,1.4,0.2,1.7,21.9,1,0,1.2
Jalen Smith,CHI,24,29,13,16,15.4,8,2.9,6.1,47.2,1.1,3.2,34,1.2,1.5,79.1,1.4,4.1,5.5,0.8,0.6,0.3,0.7,1.6,18.4,1,0,-0.2
Brandin Podziemski,GSW,21,30,15,15,24.2,8,3.1,7.7,40.4,1,3.5,29.5,0.7,1,73.3,1,3.5,4.5,3.2,1,1,0.2,1.5,20.8,0,0,1.1
Brice Sensabaugh,UTA,21,25,4,21,16.9,8,2.8,6.2,45.2,1.5,3.9,39.2,0.8,0.9,91.3,0.6,2,2.6,1.3,1.4,0.6,0.1,1.2,13.7,0,0,-6.2
Luke Kennard,MEM,28,21,14,7,20.2,7.9,2.5,5.9,43.1,1.9,4.3,44.4,0.9,1.1,82.6,0.5,2,2.4,2.9,1,0.6,0.1,0.7,16.2,0,0,4
Moses Moody,GSW,22,26,14,12,15.9,7.8,2.7,6.2,43.5,1.3,3.7,36.8,1.1,1.5,74.4,0.4,1.4,1.8,0.8,0.8,0.4,0.2,1.2,12.5,0,0,-0.2
Vasilije Mici?,CHA,30,21,2,19,22,7.8,2.8,8.2,34.3,1.4,3.9,35.8,0.8,1,80,0.7,1.8,2.5,3.8,2.1,0.6,0,1.2,16.2,1,0,-4.6
Sam Hauser,BOS,27,25,17,8,21.6,7.8,2.8,6.6,42.8,2,5.5,36.2,0.1,0.1,100,0.8,2.4,3.2,1.2,0.3,0.8,0.2,1.2,16.1,0,0,4.8
AJ Green,MIL,25,29,16,13,21.8,7.7,2.6,5.8,44.9,2.2,5.1,43.9,0.3,0.3,88.9,0.2,2.1,2.3,1.3,0.7,0.5,0.1,1.9,13.7,0,0,2.1
Ausar Thompson,DET,21,12,6,6,17.4,7.6,3.3,6.7,48.8,0.3,1.3,25,0.8,1.5,50,1.4,2.8,4.2,1.8,1.3,0.9,0.3,2.8,17.8,0,0,-2
Kelly Olynyk,TOR,33,9,0,9,16.6,7.6,2.4,5.8,42.3,1,2.2,45,1.7,2,83.3,1.1,3.8,4.9,2.6,2.1,1,0.2,3,18.8,0,0,-2.6
DaQuan Jeffries,CHA,27,8,1,7,19,7.5,3,5.6,53.3,1.1,2.5,45,0.4,0.5,75,0.8,2.1,2.9,0.6,0.8,0.6,0.6,1.8,14.9,0,0,-5
Robert Williams III,POR,27,10,3,7,17.1,7.5,3.1,4.2,73.8,0.1,0.2,50,1.2,1.3,92.3,1.8,3.5,5.3,1.2,0.8,0.8,1.4,0.9,21.5,0,0,-2.4
Josh Green,CHA,24,30,6,24,28.7,7.5,2.7,6.3,42.1,1.5,3.6,42.1,0.6,1.1,59.4,1.1,1.6,2.7,1.5,1,0.9,0.4,3.1,15.8,0,0,-4.9
Taurean Prince,MIL,30,30,16,14,26,7.5,2.7,5.9,44.9,1.7,3.7,46.4,0.4,0.6,76.5,0.6,3.4,4,1.7,1.2,0.8,0.2,2,16.6,1,0,-2.1
Tyrese Martin,BKN,25,16,5,11,16.6,7.4,2.6,5.8,45.7,1.6,3.9,39.7,0.6,0.7,81.8,0.9,2.4,3.3,1.3,0.8,0.4,0.2,1.2,14.2,0,0,-4.4
Shake Milton,LAL,28,27,10,17,18.2,7.4,2.7,5.8,46.5,1,2.7,38.9,0.9,1.2,75.8,0.6,1.3,1.9,2.4,0.7,0.6,0,1.6,14.2,1,0,-2.5
Wendell Carter Jr.,ORL,25,21,11,10,24.7,7.3,2.6,5.5,46.6,0.3,1.9,17.5,1.9,2.6,70.9,1.6,5.5,7.1,2.2,0.8,0.7,0.6,2.5,22.3,2,0,3.1
Brandon Clarke,MEM,28,31,22,9,18.4,7.3,3.3,5.5,60.6,0,0.5,6.3,0.6,1,61.3,1.7,3.4,5.1,1,0.5,0.8,0.5,2.2,18.2,0,0,5.3
Sam Merrill,CLE,28,28,24,4,19.6,7.3,2.4,6.1,39,1.9,5.4,35.3,0.6,0.6,94.4,0.4,1.5,1.9,1.6,0.5,0.6,0.3,2,14.1,0,0,4.2
Kyshawn George,WAS,21,25,4,21,25.9,7.2,2.5,7.5,33.5,1.3,5,25.6,0.9,1.3,71.9,0.7,3.3,4,2.3,1.1,0.7,0.7,2.9,18.6,0,0,-5.7
Keon Johnson,BKN,22,30,12,18,19.5,7.2,2.7,7.5,36.2,1.3,4.4,28.6,0.5,0.7,72.7,0.6,2.5,3.1,1.2,1.1,0.7,0.3,2.5,14.7,0,0,-3.6
Max Christie,LAL,21,30,17,13,21.8,7.2,2.2,5.1,43.8,0.9,2.5,36,1.8,2.1,87.3,0.7,1.6,2.3,1.2,0.7,0.9,0.4,1.6,14.9,0,0,-2.5
Haywood Highsmith,MIA,28,28,15,13,24.9,7.1,2.6,5.4,49.3,1.4,3.1,44.3,0.5,0.7,68.4,0.9,2.4,3.3,1,0.9,1,0.6,2.1,16.7,0,0,0.5
Cameron Payne,NYK,30,27,21,6,15.1,7,2.6,5.9,43.8,1.5,3.7,40,0.4,0.4,83.3,0.3,1.3,1.6,2.6,0.6,0.6,0.3,1.8,14.8,0,0,2.5
Isaiah Jackson,IND,22,5,1,4,16.8,7,2.8,4.6,60.9,0,0,0,1.4,2.8,50,2.2,3.4,5.6,1,1,0.6,1.6,2.8,20.8,0,0,2
Kris Dunn,LAC,30,32,19,13,23.8,7,2.8,6.4,44.4,1.1,3.3,33.3,0.2,0.4,50,0.8,2.8,3.6,2.8,1.2,1.8,0.3,2.5,20.5,0,0,4.4
Johnny Juzang,UTA,23,27,7,20,16.9,7,2.4,5.7,41.8,1.6,4.1,40,0.6,0.7,84.2,0.6,1.9,2.4,1,0.5,0.4,0.1,1.7,12.4,0,0,-3.8
Andre Drummond,PHI,31,24,9,15,19.3,6.9,2.8,5.6,50,0,0.4,11.1,1.3,2.3,57.4,2.8,5.3,8,0.5,1.7,1.3,0.4,2.5,20.7,3,0,-4.8
Torrey Craig,CHI,34,9,3,6,12.5,6.9,2.4,5,48.9,1.7,3.9,42.9,0.3,0.4,75,0.9,1.9,2.8,0.6,0,0.2,0.1,1.7,12.1,0,0,-3.1
Jeremiah Robinson-Earl,NOP,24,29,5,24,19.4,6.8,2.6,5.8,44,0.8,2.6,30.7,0.9,1,86.2,2,2.8,4.8,1.2,0.8,0.8,0.1,1.3,16.1,2,0,-4.5
Elfrid Payton,NOP,30,7,0,7,20.5,6.7,3.3,6.6,50,0,0.1,0,0.1,0.3,50,0.7,2.7,3.4,6.9,2.9,1.4,0.4,1.4,23.8,1,0,-1.6
Josh Okogie,PHX,26,19,6,13,15,6.6,2.5,5.2,48,0.7,1.8,40,0.9,1.4,66.7,1.5,1.7,3.2,0.5,0.8,1,0.4,1,14.6,0,0,-1.4
Alec Burks,MIA,33,16,10,6,17.1,6.6,2.1,4.6,45.2,1.5,3.3,46.2,1,1.3,80,0.4,1.7,2.1,1.1,0.3,0.7,0.3,0.8,13.3,0,0,4.7
Davion Mitchell,TOR,26,29,7,22,26.3,6.6,2.5,6.2,40,0.9,3,30.7,0.7,1.1,67.7,0.5,1.6,2.1,5,1.9,0.8,0.2,2.8,17.9,1,0,-3.1
Isaac Okoro,CLE,23,23,21,2,21,6.6,2.3,4.7,49.5,1.3,2.7,49.2,0.7,0.9,71.4,0.9,1.3,2.3,1.7,0.4,0.7,0.4,2,15,0,0,4.5
Cason Wallace,OKC,21,30,25,5,26.7,6.5,2.7,6.4,42.4,0.9,3.1,30.4,0.2,0.2,85.7,1.2,2.3,3.4,2.2,0.6,1.7,0.8,2.1,20.7,0,0,5
Kenrich Williams,OKC,30,21,18,3,13.4,6.5,2.5,4.4,57,1,2.2,42.6,0.5,0.5,100,0.9,2.4,3.3,1.1,0.3,0.7,0.2,1.7,14.3,0,0,5.5
Jaden Hardy,DAL,22,24,16,8,14.1,6.5,2.3,5.9,39.7,0.9,2.8,31.8,0.9,1,88,0.2,1.3,1.4,1.2,1.3,0.6,0,1.3,10.5,0,0,-0.5
Day'Ron Sharpe,BKN,23,11,3,8,15.1,6.5,2.5,6,40.9,0.2,1.2,15.4,1.4,1.5,88.2,2.5,2.9,5.4,0.8,1,0.9,0.5,1.6,17.5,0,0,0
Keon Ellis,SAC,24,30,12,18,19.7,6.4,2.1,4.4,47.7,1.3,3.1,42.6,0.9,1.1,84.4,0.7,1.4,2.2,1.1,0.8,1.1,0.8,1.8,15.7,0,0,2.8
Simone Fontecchio,DET,29,30,13,17,17.9,6.4,2.1,5.1,40.5,1.2,3.4,34.7,1.1,1.4,82.9,0.6,2.2,2.8,0.9,0.8,0.3,0.2,1.3,11.9,0,0,-0.5
KJ Martin,PHI,23,24,9,15,20,6.4,2.5,4.1,61.6,0.3,0.9,38.1,1,1.2,82.8,0.9,2.1,3,0.8,0.5,0.5,0.7,2.6,14.1,0,0,1.2
Jaxson Hayes,LAL,24,11,6,5,17.4,6.4,2.4,3.3,72.2,0,0,0,1.6,2.1,78.3,1.9,2.6,4.5,0.8,0.7,0.4,0.8,2.5,15.9,0,0,-1
Ronald Holland II,DET,19,32,14,18,15.8,6.3,2.5,5.3,47.6,0.4,1.9,21.7,0.9,1.1,77.8,0.5,2.5,3,0.7,0.9,0.5,0.2,1.6,11.9,0,0,-1.2
Talen Horton-Tucker,CHI,24,27,9,18,12.5,6.3,2.3,4.9,46.6,0.8,2.2,36.7,0.9,1.4,67.6,0.4,1.6,2,1.6,0.6,0.4,0.3,1.1,12.7,0,0,1.2
Ajay Mitchell,OKC,22,31,26,5,16.3,6.3,2.5,4.8,51.3,0.7,1.5,46.7,0.7,0.8,80.8,0.5,1.5,2,1.7,0.8,0.8,0.1,1.7,13.1,1,0,4
Dru Smith,MIA,27,14,8,6,19.2,6.3,2.2,4.4,50.8,1.1,2.1,53.3,0.7,0.9,76.9,0.9,1.7,2.6,1.6,1.2,1.5,0.4,2.1,16.4,0,0,2.7
Terance Mann,LAC,28,23,14,9,21,6.3,2.4,5.6,43.8,0.7,2,34,0.7,1,66.7,1,2,3.1,1.7,0.6,1,0.2,2,15.5,0,0,-2.1
Ryan Dunn,PHX,21,27,14,13,18.2,6.2,2.4,5.7,42.6,1.1,3.6,29.9,0.3,0.5,50,0.7,2,2.7,0.8,0.5,0.6,0.7,2.3,13.8,0,0,-1.4
Cole Anthony,ORL,24,31,19,12,11.8,6.2,2.2,5.6,38.9,0.7,2.4,30.1,1.1,1.4,79.1,0.4,1.8,2.2,2.3,1.5,0.4,0.2,1.6,12.3,0,0,1.1
Jarace Walker,IND,21,33,16,17,17.9,6.2,2.2,5,44.5,1,2.7,38.2,0.7,1.2,61.5,0.4,3,3.4,1.5,1.3,1,0.3,1.6,15.1,0,0,-3.6
Marcus Sasser,DET,24,21,7,14,13.5,6.1,2.5,4.7,53.1,0.9,2.2,40.4,0.3,0.3,100,0.4,0.6,1,1.8,0.9,0.9,0.1,1.1,12.3,0,0,-0.4
Trey Lyles,SAC,29,22,8,14,19.9,6.1,2,5.4,37.3,1.3,3.8,34.5,0.8,1.1,75,1,3.1,4.1,0.8,0.5,0.5,0.5,1.4,14.7,1,0,-0.6
Dean Wade,CLE,28,23,22,1,22.4,6.1,2,5,40.5,1.6,4.3,36.4,0.5,1,47.8,0.9,4.2,5.1,1.5,0.3,1,0.5,1.5,18.9,1,0,6.8
Jamison Battle,TOR,23,29,7,22,13.8,6.1,2.1,4.5,47.7,1.4,3.3,42.7,0.4,0.5,85.7,0.6,1.4,1.9,1,0.4,0.1,0.1,1.2,10.3,0,0,-2.2
Isaiah Wong,CHA,23,10,1,9,14.3,6.1,2,5.6,35.7,0.4,1.7,23.5,1.7,2.6,65.4,1.2,1,2.2,1.8,1,0.6,0,1.1,12.2,0,0,-1
Kyle Filipowski,UTA,21,21,3,18,16.8,6,2.2,4.4,51.1,0.6,1.7,34.3,1,1.8,56.8,0.9,3.3,4.2,1.8,1,0.6,0.1,1.9,14.8,0,0,-4.9
Ben Simmons,BKN,28,25,10,15,25.1,6,2.7,4.8,56.2,0,0,0,0.6,0.8,71.4,0.9,4.4,5.4,6.9,2.9,0.8,0.5,2.3,23.9,1,0,-1.9
Javonte Green,NOP,31,31,5,26,21.3,6,2.2,4.7,46.2,0.7,1.9,35,1,1.4,74.4,1,2.2,3.2,0.7,0.6,1,0.6,1.5,15.1,0,0,-7.7
James Wiseman,IND,23,1,1,0,4.6,6,2,4,50,0,1,0,2,2,100,0,1,1,0,0,0,0,0,7.2,0,0,-4
Quenton Jackson,IND,26,17,7,10,14.8,6,2.3,4.5,51.3,0.5,1.4,37.5,0.9,1.2,71.4,0.6,1,1.6,1.8,0.6,0.5,0.3,1.9,12.5,0,0,-2.6
Kevin Love,MIA,36,16,10,6,11.4,5.9,2,5.7,35.2,1.1,3.1,36,0.8,1.2,68.4,1.1,3.4,4.5,1.2,0.8,0.8,0.1,0.9,15.1,0,0,-0.3
Jordan Miller,LAC,24,19,10,9,14.2,5.9,2.3,5.4,43.1,0.4,1.6,23.3,0.9,1.2,77.3,0.9,0.9,1.8,1.1,0.8,0.3,0.2,1,10.3,0,0,-1.9
Isaiah Stewart,DET,23,28,11,17,21.3,5.9,2.3,4.3,54.6,0.2,0.8,26.1,1,1.2,87.9,2.1,3.8,5.9,1.8,1,0.5,1.2,2.8,19.6,2,0,-1.8
Malaki Branham,SAS,21,21,10,11,12.1,5.8,2.1,4.8,43.6,0.8,2.1,38.6,0.8,1,85,0.1,1.3,1.4,1.2,1.2,0.3,0.1,0.7,9.4,0,0,-4.1
Jonathan Isaac,ORL,27,28,17,11,16.7,5.8,2.1,5.2,40.4,0.7,2.6,26,0.9,1.3,66.7,1.7,3,4.7,0.4,0.5,0.9,1.3,1.4,17.7,0,0,-2.3
Donovan Clingan,POR,20,24,10,14,16.2,5.7,2.4,4.5,52.8,0.2,0.7,31.3,0.8,1,75,2.9,3.5,6.3,0.5,1.2,0.5,1.7,2.8,19.5,1,0,-2.4
Jared Butler,WAS,24,21,2,19,10.7,5.6,2.2,4.9,45.6,0.3,1.2,28,0.8,1.1,73.9,0.3,0.7,1,2.4,0.9,0.3,0.1,1.1,10.8,0,0,-1.8
Zach Collins,SAS,27,25,12,13,13.9,5.6,2,4.2,47.2,0.5,1.5,32.4,1.1,1.3,87.5,1.1,2.1,3.2,1.7,0.9,0.4,0.5,2.2,13.8,0,0,-2.6
Ben Sheppard,IND,23,19,10,9,19.9,5.6,2.1,5,42.1,1.4,3.5,38.8,0,0,0,0.5,1.7,2.3,1.1,0.4,0.4,0.3,2.5,11.5,0,0,-3
Alex Caruso,OKC,30,20,17,3,19.9,5.5,2.2,5.7,37.7,0.9,3.3,26.2,0.4,0.5,77.8,0.6,2.3,2.9,2.5,0.8,1.9,0.6,2,19.4,0,0,5.2
Trevelin Queen,ORL,27,8,4,4,15.9,5.5,2,3.9,51.6,1,2,50,0.5,0.5,100,0.3,0.8,1,1.3,1.3,1,0.4,1.9,11.5,0,0,2
Ricky Council IV,PHI,23,22,6,16,12.5,5.5,1.7,4.2,40.2,0.4,1.6,25.7,1.7,2,84.1,0.6,1.5,2,0.7,0.4,0.3,0.2,0.8,10.3,1,0,-1.2
Jonathan Mogbo,TOR,23,32,7,25,17.5,5.4,2.1,4.6,45.6,0.2,0.8,29.2,1,1.4,71.7,1.9,2.7,4.6,1.8,0.9,0.8,0.5,1.9,16.6,0,0,-4.1
Pelle Larsson,MIA,23,18,8,10,16.1,5.4,1.9,3.9,49.3,0.6,1.8,34.4,0.9,1.4,64,0.6,1.3,1.8,1.4,0.6,0.6,0,2.3,10.8,0,0,1.2
Lindy Waters III,GSW,27,25,12,13,17.5,5.4,1.9,5.5,34.8,1.3,4,32,0.2,0.3,85.7,0.5,2,2.6,1.3,0.4,0.7,0.2,1.6,12.6,0,0,1.1
Lonzo Ball,CHI,27,14,7,7,18.2,5.4,1.7,5.1,33.3,1.4,4.3,31.7,0.6,0.7,80,0.4,2.7,3.1,3.6,1.1,1.2,0.5,1.4,18.6,0,0,3
Paul Reed,DET,25,18,6,12,11.8,5.3,2.1,3.6,56.9,0.3,0.8,33.3,0.9,1.2,81,0.8,1.7,2.5,1.1,0.6,1.3,0.7,1.8,15.4,0,0,2.1
Vince Williams Jr.,MEM,24,3,1,2,14.9,5.3,2.3,6.3,36.8,0.3,2.7,12.5,0.3,1.3,25,1.3,2.3,3.7,3,2.3,0,0.7,3,13.9,0,0,4.7
Neemias Queta,BOS,25,26,19,7,15.7,5.3,2.2,3.5,63.7,0,0.1,0,0.8,1.2,73.3,1.7,2.9,4.5,0.7,0.7,0.3,0.9,2,14.6,0,0,3.5
Kobe Bufkin,ATL,21,10,6,4,12.4,5.3,1.8,4.7,38.3,0.4,1.9,21.1,1.3,1.8,72.2,0.5,1.6,2.1,1.7,0.8,0.3,0.2,0.9,11.1,0,0,-2.3
Mont� Morris,PHX,29,26,12,14,13.3,5.2,1.8,4.5,40.5,0.6,2.1,29.6,1,1.2,83.9,0.3,1.3,1.5,1.8,0.5,0.5,0.1,0.5,11.2,0,0,2.2
Seth Curry,CHA,34,29,7,22,13.5,5.1,1.9,4.1,45.8,0.9,2.1,41.9,0.4,0.5,85.7,0.4,1,1.4,0.4,0.3,0.4,0.2,1,9,0,0,-1.6
Matas Buzelis,CHI,20,31,15,16,13.1,5.1,1.8,4.9,36.4,0.8,2.4,33.3,0.7,0.9,78.6,0.5,2.1,2.6,0.5,0.6,0.3,0.8,1.4,11.6,0,0,0.5
Alondes Williams,DET,25,1,0,1,3.7,5,2,2,100,1,1,100,0,0,0,0,0,0,1,0,0,0,0,6.5,0,0,6
Cam Christie,LAC,19,1,0,1,17.8,5,2,7,28.6,1,4,25,0,0,0,1,2,3,0,1,2,0,0,13.6,0,0,8
Eric Gordon,PHI,36,19,6,13,16.6,5,1.7,4.7,36,0.7,2.7,27.5,0.9,1.2,77.3,0.2,0.8,0.9,1.3,0.7,0.7,0.3,0.7,10.1,0,0,-2.1
JT Thor,CLE,22,5,4,1,5.1,5,1.6,2,80,0.6,0.8,75,1.2,1.2,100,0.2,0.6,0.8,0,0.4,0.4,0.6,0.8,8.6,0,0,-1.8
Jamal Shead,TOR,22,28,7,21,15.5,5,2,4.8,42.1,0.7,2,33.9,0.3,0.4,75,0.2,1,1.2,3.3,1.4,0.5,0.1,1.9,12.1,1,0,-3.9
Jaylin Williams,OKC,22,4,4,0,12.4,5,1.8,3.8,46.7,1.5,3.3,46.2,0,0,0,0.8,1.5,2.3,2.5,0.5,0.3,0.3,1.5,12.5,0,0,2
Kyle Anderson,GSW,31,26,14,12,14.5,5,2,4.7,41.5,0.6,1.6,35.7,0.5,0.8,65,0.6,2.4,3,2.2,0.5,0.8,0.5,1.1,15.1,0,0,-0.9
Precious Achiuwa,NYK,25,12,10,2,19.5,5,2,4.3,47.1,0.3,0.9,36.4,0.7,1.3,53.3,2.2,4.6,6.8,1.3,1.1,0.7,0.8,1.4,18.4,1,0,1.8
Charles Bassey,SAS,24,21,12,9,10.6,4.9,2.1,3.6,57.9,0,0,0,0.7,1.2,60,1.6,2.7,4.3,0.4,0.7,0.3,1,1.4,14.1,2,0,-1.8
Marvin Bagley III,WAS,25,19,3,16,8.8,4.9,2,3.7,53.5,0.1,0.5,20,0.8,1.2,65.2,1.4,1.5,2.9,0.4,0.6,0.4,0.3,0.6,10.3,0,0,-1.4
Tidjane Sala�n,CHA,19,28,5,23,19.2,4.9,1.6,5.2,31.5,1,3.3,30.1,0.6,0.9,70.8,1,3.3,4.3,1.1,0.8,0.6,0.2,1.4,13.3,1,0,-4.3
Kevon Looney,GSW,28,28,14,14,15.8,4.9,2.1,4,52.7,0,0,0,0.6,1.5,43.9,3.1,3.8,6.9,1.7,0.6,0.7,0.2,2.3,17.9,1,0,0.5
Pat Connaughton,MIL,31,16,5,11,16.8,4.8,1.7,4.4,38,0.9,2.8,31.1,0.6,0.8,75,0.5,2.4,2.9,1.6,0.7,0.2,0.3,1.3,11.5,0,0,-0.4
Drew Eubanks,UTA,27,24,6,18,13.3,4.8,2,3.2,61.8,0.1,0.2,50,0.8,1.3,61.3,1.1,2.8,3.8,1.1,0.8,0.2,0.6,1.3,12.8,0,0,-1.9
Max Strus,CLE,28,4,4,0,20.9,4.8,1.8,5.8,30.4,1.3,4.8,26.3,0,0,0,0.8,3,3.8,1.5,1,0.5,0,2.3,12,0,0,2.3
Ryan Rollins,MIL,22,16,6,10,11.7,4.8,1.8,3.8,45.9,0.8,1.8,46.4,0.4,0.6,77.8,0.3,1.6,1.9,1.1,1,1.1,0.5,1.2,12.4,0,0,1.9
David Roddy,ATL,23,17,7,10,13.2,4.7,1.7,3.1,54.7,0.6,1.6,39.3,0.6,0.8,84.6,0.3,2.2,2.5,1.1,0.9,0.4,0.2,0.6,10.3,0,0,-3.7
Keaton Wallace,ATL,25,16,7,9,15.5,4.7,1.8,4.4,40.8,0.8,2.3,35.1,0.3,0.3,100,0.1,1.3,1.4,1.9,1.1,0.8,0.4,0.9,11.7,0,0,-3
Taylor Hendricks,UTA,21,3,0,3,24.8,4.7,1.3,6,22.2,1,4,25,1,1.3,75,1.7,3.3,5,0.7,0.7,1.7,1.3,2.7,20,0,0,-7.3
Gary Payton II,GSW,32,28,15,13,13.1,4.6,2.1,3.8,54.7,0.2,1.1,15.6,0.3,0.5,60,1.2,1.6,2.8,1.2,0.5,0.7,0.4,1.4,12.5,0,0,0.3
Julian Phillips,CHI,21,32,15,17,13.9,4.6,1.6,3.9,41.9,0.8,2.3,32,0.6,0.9,66.7,0.8,1.2,2.1,0.5,0.4,0.6,0.3,1.5,9.8,0,0,-1.8
Thomas Bryant,IND,27,17,10,7,11.7,4.6,1.6,3.2,49.1,0.6,1.8,36.7,0.8,0.8,100,0.8,2.5,3.3,0.4,0.2,0.3,0.7,0.9,11.9,0,0,0.6
A.J. Lawson,TOR,24,2,0,2,4.8,4.5,1.5,2,75,1,1,100,0.5,1,50,0,1,1,0,0,0,0,0,5.7,0,0,0.5
Dariq Whitehead,BKN,20,4,1,3,6.9,4.5,1.5,2.8,54.5,1.5,2.5,60,0,0,0,0,0.8,0.8,0.3,0.8,0.8,0.3,0.3,8,0,0,-0.5
Luke Kornet,BOS,29,26,17,9,16.9,4.5,1.7,2.8,60.3,0,0,0,1.1,1.5,74.4,2.2,2.9,5.1,1.5,0.4,0.5,1.1,1.1,17,0,0,4.7
Wendell Moore Jr.,DET,23,13,3,10,14,4.5,1.6,3.2,51.2,0.2,0.8,27.3,1,1.1,92.9,0.8,2.4,3.2,1.4,0.6,0.6,0.2,1,12.3,0,0,0.5
Antonio Reeves,NOP,22,16,1,15,9.3,4.4,1.8,4.4,40,0.6,2.1,26.5,0.4,0.4,85.7,0.4,0.8,1.1,0.6,0.3,0.3,0,0.4,7.4,0,0,-2
Kyle Lowry,PHI,38,22,10,12,20.3,4.4,1.3,3.6,36.3,1,2.7,35,0.8,1,78.3,0.3,1.6,1.9,2.9,0.6,1,0.4,1.9,14.3,0,0,-3.3
Sandro Mamukelashvili,SAS,25,20,9,11,9.2,4.4,1.5,2.8,53.6,0.9,2,43.6,0.6,0.8,73.3,0.6,2.2,2.8,0.4,0.5,0.2,0.3,0.6,9,0,0,-0.4
Jamal Cain,NOP,25,16,2,14,14,4.3,1.6,3.4,45.5,0.6,1.8,32.1,0.6,1,62.5,0.9,1.9,2.8,0.6,0.4,0.5,0.4,1.3,11,0,0,-5.3
Gabe Vincent,LAL,28,31,18,13,18.9,4.3,1.6,4.3,37.3,0.9,2.8,33,0.1,0.3,50,0.3,1,1.3,0.9,0.6,0.8,0.2,1.9,9.5,0,0,-1
Dalen Terry,CHI,22,30,12,18,13.7,4.1,1.5,3.1,47.3,0.4,1.2,34.3,0.8,1.1,70.6,0.6,0.9,1.5,1,0.9,0.5,0.3,1.5,9.1,0,0,-3.8
KJ Simpson,CHA,22,10,1,9,13.4,4.1,1.4,4.7,29.8,0.3,2.4,12.5,1,1.3,76.9,0.9,0.8,1.7,1.9,1,0.7,0.2,1.3,10.7,0,0,-6
Gary Harris,ORL,30,19,12,7,16.4,4.1,1.4,3.5,40.3,1,2.7,36.5,0.2,0.4,50,0.5,0.7,1.2,0.5,0.4,0.5,0.3,0.7,8.2,0,0,1.8
Mason Plumlee,PHX,34,30,15,15,17.2,4,1.5,2.6,55.7,0,0,0,1.1,1.8,60,1.6,4.5,6.1,1.8,0.9,0.3,0.7,2,16.3,1,0,0.6
Cam Spencer,MEM,24,7,6,1,11.6,4,1.1,2.7,42.1,0.6,1.3,44.4,1.1,1.1,100,0.4,1.3,1.7,1.6,0.6,0.1,0.1,1,8.7,0,0,1.9
Josh Richardson,MIA,31,8,4,4,18.7,4,1.4,4.8,28.9,0.8,2.8,27.3,0.5,0.5,100,0.8,0.8,1.5,1.5,1,1,0.1,2.1,10.4,0,0,-3.9
Micah Potter,UTA,26,9,3,6,18.1,4,1.4,3.3,43.3,1.1,2.8,40,0,0,0,1.6,3.6,5.1,1.3,0.7,0.2,0.4,1,13.5,0,0,5.3
Reggie Jackson,PHI,34,14,4,10,11.5,4,1.5,3.7,40.4,1,2.4,42.4,0,0,0,0.2,1,1.2,1.8,0.5,0.5,0.2,0.8,9.8,0,0,0.1
Kris Murray,POR,24,25,9,16,12.2,4,1.6,3.5,46,0.4,1.4,31.4,0.3,0.8,40,1,1.1,2.1,0.7,0.6,0.4,0.1,1,8.5,0,0,-2.5
Blake Wesley,SAS,21,22,11,11,11.4,4,1.5,3.4,45.3,0.2,0.9,20,0.7,1,71.4,0.3,0.6,0.9,1.9,1,0.4,0.1,0.6,8.4,0,0,0.5
Aaron Holiday,HOU,28,21,13,8,9.3,3.9,1.3,2.8,45.8,0.8,1.9,42.5,0.5,0.6,84.6,0,0.9,0.9,1.2,0.3,0.2,0.1,0.7,7.4,0,0,1.4
Luka Garza,MIN,26,9,7,2,5.2,3.9,1.6,2.8,56,0.2,0.9,25,0.6,0.9,62.5,0.4,0.8,1.2,0.1,0.3,0.1,0,0.4,5.5,0,0,0.3
Oso Ighodaro,PHX,22,25,10,15,15.8,3.9,1.7,2.8,61.4,0,0,0,0.4,0.8,57.9,1,2.8,3.8,0.9,0.5,0.5,0.3,1.6,11.5,0,0,0.8
Daniel Theis,NOP,32,23,3,20,14.5,3.9,1.4,3.2,45.2,0.2,1,22.7,0.8,0.9,90,0.9,2.8,3.7,1.5,0.7,0.4,0.6,1.8,12.8,1,0,-3.8
Doug McDermott,SAC,32,22,10,12,9.1,3.9,1.3,3.1,42,1.1,2.7,40.7,0.1,0.2,60,0.1,0.6,0.7,0.1,0.1,0.1,0,0.9,5.4,0,0,1.3
Isaac Jones,SAC,24,20,9,11,8.6,3.8,1.6,2.4,66.7,0.1,0.2,25,0.6,1,55,0.5,1.1,1.6,0.2,0.6,0.1,0.4,1.1,6.9,0,0,-2.5
Jett Howard,ORL,21,31,18,13,10.2,3.8,1.4,3.8,35.9,0.9,2.8,31,0.2,0.2,85.7,0.4,0.8,1.1,0.5,0.4,0.2,0.2,0.9,6.5,0,0,-1
Cam Reddish,LAL,25,24,12,12,19.5,3.8,1.4,2.9,47.1,0.5,1.5,30.6,0.5,0.9,61.9,0.5,1.5,2,0.8,0.5,1.2,0.4,1.6,11.6,0,0,-1.5
Landry Shamet,NYK,27,4,4,0,7.3,3.8,1.5,2.5,60,0.8,1,75,0,0,0,0,0.5,0.5,0.5,0,0.8,0,0.3,7.4,0,0,4.8
Mo Bamba,LAC,26,17,13,4,12.5,3.7,1.4,3.5,40.7,0.4,1.6,22.2,0.5,0.8,69.2,0.8,2.9,3.7,0.6,0.6,0.5,1.1,1.9,13.3,0,0,-2.3
Rob Dillingham,MIN,19,15,7,8,8.5,3.7,1.5,3.4,45.1,0.6,1.4,42.9,0,0,0,0.1,0.7,0.7,1.7,1.1,0.1,0,0.3,6.4,0,0,-2.2
Nicolas Batum,LAC,36,32,19,13,18.5,3.7,1.2,3,39.2,1,2.5,39.2,0.3,0.4,76.9,0.7,2.2,2.8,1.6,0.6,0.6,0.4,1.4,11.9,0,0,2.7
Bruno Fernando,TOR,26,16,2,14,8.9,3.6,1.6,3,54.2,0,0,0,0.4,0.5,75,1.3,1.8,3.1,1.1,0.9,0.3,0.6,1.6,10.6,0,0,-1.2
Andre Jackson Jr.,MIL,23,29,16,13,18.5,3.6,1.4,3.6,38.8,0.6,1.8,35.3,0.2,0.4,53.8,0.9,2.2,3.2,1.5,1.2,0.7,0.2,2.3,11.2,0,0,1.9
Kel'el Ware,MIA,20,15,8,7,9.1,3.6,1.6,3,53.3,0.2,0.7,27.3,0.2,0.3,60,0.5,2.1,2.5,0.3,0.5,0.4,0.6,0.9,9.6,0,0,1.7
Tre Jones,SAS,24,14,8,6,16.6,3.6,1.2,3,40.5,0.2,1,21.4,0.9,1.2,76.5,0.4,1.6,2,3.9,0.6,0.7,0.3,1.3,14.2,0,0,2.6
Patty Mills,UTA,36,9,2,7,15.3,3.6,1.2,3.4,35.5,0.8,2.7,29.2,0.3,0.3,100,0.1,0.8,0.9,1.4,0.9,0.7,0.2,0.9,8.6,0,0,1.3
Jae'Sean Tate,HOU,29,15,12,3,8.3,3.5,1.3,2.5,54.1,0.1,0.5,14.3,0.8,1.1,70.6,0.5,1.7,2.2,0.7,0.5,0.6,0,1.5,8.4,0,0,4.7
Jevon Carter,CHI,29,15,5,10,6.9,3.5,1.3,2.9,43.2,0.8,2,40,0.2,0.3,75,0.1,0.8,0.9,0.9,0.4,0.3,0,0.3,6.6,0,0,1.6
Cody Williams,UTA,20,19,4,15,19.2,3.5,1.3,4.1,31.2,0.5,2.2,23.8,0.5,0.7,64.3,0.5,1.8,2.3,1.2,0.8,0.4,0.3,1.6,9.3,0,0,-7.5
Jabari Walker,POR,22,23,5,18,10.6,3.5,1.4,3.2,43.8,0.2,0.9,19,0.5,0.7,80,0.9,2.2,3.1,0.6,0.6,0.3,0.1,1.2,8.9,0,0,-0.3
Reed Sheppard,HOU,20,29,20,9,11.9,3.4,1.3,4.1,32.2,0.7,2.3,27.9,0.2,0.2,83.3,0.3,1,1.3,1.2,0.6,0.5,0.3,1,8.8,0,0,-0.7
Moussa Diabate,CHA,22,30,6,24,17.9,3.4,1.5,2.5,60.5,0,0,0,0.4,0.8,44,3.1,3.8,6.8,0.6,0.9,0.6,0.7,1.7,15.8,2,0,1.5
Dario �ari?,DEN,30,10,4,6,13.6,3.4,1.2,4,30,0.5,1.9,26.3,0.5,0.6,83.3,0.9,2.6,3.5,1.1,1.1,0.6,0,1.4,10,1,0,-4.3
Jae Crowder,SAC,34,6,2,4,14.8,3.3,1,2.8,35.3,0.5,2,25,0.8,1,83.3,1,1.8,2.8,0.7,0.7,0.5,0,1.7,8.6,0,0,-1.2
Rayan Rupert,POR,20,24,8,16,10,3.3,1.2,2.8,43.3,0.4,1.3,30,0.5,0.7,75,0.7,0.8,1.5,0.5,0.5,0.3,0.1,0.8,6.3,0,0,-1.8
Bol Bol,PHX,25,7,0,7,5.3,3.3,1.3,2.1,60,0.1,0.7,20,0.6,0.9,66.7,0.6,1,1.6,0.1,0.4,0,0,0.1,5,0,0,1.3
Isaiah Collier,UTA,20,23,5,18,17.5,3.3,1.3,4,32.3,0.3,1.6,16.7,0.4,0.9,45,0.2,2,2.2,3.4,2.4,0.7,0.2,1.7,11.4,0,0,-3.1
Moses Brown,IND,25,9,3,6,5.1,3.2,1.4,2.2,65,0,0,0,0.3,0.6,60,0.4,1,1.4,0,0.7,0.2,0.1,0.7,5.3,0,0,-1.2
Johnny Davis,WAS,22,21,2,19,8.9,3.2,1.3,2.9,45,0.3,1,30,0.3,0.5,63.6,0.3,1.2,1.5,0.4,0.2,0.6,0.3,0.8,8,0,0,-0.7
Nick Smith Jr.,CHA,20,14,2,12,8.9,3.1,1.2,3.5,34.7,0.6,1.9,33.3,0.1,0.1,50,0.1,0.7,0.8,0.7,0.2,0.3,0.1,0.6,6,0,0,-2.8
Jock Landale,HOU,29,18,13,5,9.7,3.1,1.2,2.8,42,0.2,0.4,42.9,0.6,1.1,52.6,1.2,1.5,2.7,0.8,0.6,0.2,0.4,0.8,8.5,0,0,-1.6
Collin Gillespie,PHX,25,1,1,0,3.4,3,1,2,50,1,1,100,0,0,0,0,0,0,0,0,0,0,0,3,0,0,0
David Duke Jr.,SAS,25,1,0,1,8.2,3,1,4,25,0,1,0,1,2,50,0,0,0,2,0,0,0,1,6,0,0,0
Josh Minott,MIN,22,18,10,8,7.4,3,1.2,2.3,53.7,0.3,1,27.8,0.3,0.4,71.4,0.3,1.2,1.4,0.6,0.3,0.5,0.3,0.9,7.7,0,0,1.2
Oscar Tshiebwe,UTA,25,1,0,1,15.7,3,0,0,0,0,0,0,3,4,75,3,6,9,0,1,2,0,3,18.8,0,0,-6
Quincy Olivari,LAL,23,1,1,0,8.2,3,1,3,33.3,1,3,33.3,0,0,0,0,0,0,0,1,0,0,0,2,0,0,-13
Richaun Holmes,WAS,31,4,0,4,5.9,3,1.3,2.8,45.5,0,0.3,0,0.5,0.5,100,0.8,1,1.8,0,0.5,0,0.5,0.3,6.1,0,0,-1.3
Taze Moore,POR,26,2,0,2,9.9,3,1,5,20,0.5,2,25,0.5,1,50,2,2,4,0.5,1,1,0,0,10.6,0,0,-3.5
V�t Krej?�,ATL,24,19,10,9,14,3,1.1,3.2,33.3,0.4,1.9,22.2,0.5,0.7,69.2,0.5,1.4,1.9,1.9,0.8,0.6,0.3,1.6,10,0,0,-0.4
DeAndre Jordan,DEN,36,19,12,7,10.5,2.9,1.4,2.2,63.4,0,0,0,0.2,0.7,30.8,0.9,2.9,3.8,0.8,0.7,0.3,0.5,1.2,10.3,0,0,-2.1
Ousmane Dieng,OKC,21,19,15,4,10.6,2.9,1.1,3.4,31.3,0.5,2,23.7,0.4,0.6,63.6,0.5,2,2.5,0.7,0.3,0.6,0.2,1,9.3,0,0,1.3
Johnny Furphy,IND,20,20,8,12,10.3,2.9,1,2.7,37,0.6,1.6,34.4,0.4,0.4,100,0.7,0.8,1.5,0.5,0.5,0.4,0.3,1,7,0,0,-1
Kobe Brown,LAC,24,7,3,4,6.7,2.9,1.3,2.9,45,0.1,0.9,16.7,0.1,0.3,50,0.7,1.6,2.3,0.6,0,0.1,0,0.7,6.9,0,0,-1.3
Damion Lee,PHX,32,6,1,5,7.5,2.8,0.8,3.3,25,0.2,1.8,9.1,1,1,100,0,0.8,0.8,0.8,0.5,0.3,0,0.3,5.6,0,0,1.2
John Konchar,MEM,28,18,13,5,13.2,2.8,1,2.3,43.9,0.7,1.8,36.4,0.2,0.2,75,0.9,2.6,3.5,1.1,0.5,0.7,0.5,0.8,11.7,0,0,-0.2
Hunter Tyson,DEN,24,21,12,9,9.5,2.8,0.9,2.1,43.2,0.4,1.2,32,0.6,0.7,86.7,0.4,1.4,1.9,0.5,0.4,0.2,0.1,1.1,6.4,0,0,-1.3
Drew Peterson,BOS,25,9,7,2,10.2,2.8,0.8,1.9,41.2,0.6,1.6,35.7,0.7,0.8,85.7,0.6,1.4,2,0.6,0.4,0.2,0.2,1.1,6.9,0,0,1.1
Jeff Dowtin Jr.,PHI,27,9,1,8,10.3,2.8,1.1,2.7,41.7,0.1,0.9,12.5,0.4,0.6,80,0.2,0.7,0.9,1.1,0.1,0.3,0.1,0.6,6.7,0,0,0.4
Delon Wright,MIL,32,22,12,10,16.6,2.8,1,3.2,30,0.5,1.9,26.2,0.4,0.6,57.1,0.7,1.2,1.9,1.9,0.6,0.9,0.3,0.7,10.7,0,0,1
Jalen Pickett,DEN,25,7,4,3,9.4,2.7,1,2.3,43.8,0.7,1.7,41.7,0,0,0,0.1,1,1.1,2.4,0.6,0.1,0.1,0.9,8,0,0,5.4
TyTy Washington Jr.,PHX,23,3,0,3,8.9,2.7,1,2,50,0.7,1,66.7,0,0,0,0,0.3,0.3,1.3,0.3,0.7,0,0,6.7,0,0,-0.3
Taj Gibson,CHA,39,14,4,10,10.8,2.6,1.1,2.4,47.1,0.1,0.1,50,0.3,0.4,66.7,1.5,1.7,3.2,0.5,0.6,0.4,0.2,1.3,8.5,0,0,-3.7
Jeff Green,HOU,38,9,6,3,6.1,2.6,1,2,50,0.4,1.2,36.4,0.1,0.2,50,0.1,0.7,0.8,0.1,0.2,0.2,0,0.4,4.1,0,0,-2.4
Craig Porter Jr.,CLE,24,19,16,3,8.9,2.5,1.1,1.9,55.6,0.3,0.6,45.5,0.2,0.3,60,0.1,0.8,0.9,1.3,0.5,0.3,0.3,0.4,6.8,0,0,0.2
Steven Adams,HOU,31,19,12,7,10.4,2.5,1,1.6,61.3,0,0,0,0.5,1.4,37,1.7,2.2,3.9,1.2,1.1,0.3,0.2,1.1,9.3,0,0,0.3
E.J. Liddell,CHI,24,6,2,4,5.1,2.5,0.8,1.3,62.5,0.5,1,50,0.3,0.3,100,0.2,0.7,0.8,0.5,0.3,0.2,0.2,1.3,4.9,0,0,1.3
Tristan Thompson,CLE,33,13,13,0,7.3,2.5,1.1,2.2,50,0,0.1,0,0.3,1.1,28.6,0.7,1.9,2.6,0.3,0.5,0,0.3,0.8,6.5,0,0,-2.7
Tyler Kolek,NYK,23,19,13,6,6,2.4,0.8,2.1,40,0.5,1.3,41.7,0.2,0.2,100,0.1,0.5,0.6,0.6,0.4,0.3,0.1,0.5,4.8,0,0,-0.8
Maxi Kleber,DAL,32,20,14,6,18.3,2.4,0.9,2.2,38.6,0.3,0.9,29.4,0.5,0.6,75,0.6,2.6,3.2,0.9,0.7,0.3,0.5,2,8.9,0,0,3.7
Chris Duarte,CHI,27,13,3,10,4.1,2.4,0.8,1.5,50,0.4,0.9,41.7,0.5,0.6,75,0.3,0.9,1.2,0.4,0.1,0,0,0.4,4.4,0,0,1.3
Anthony Gill,WAS,32,21,2,19,7.2,2.4,0.9,1.7,51.4,0.2,0.6,33.3,0.5,0.9,55.6,0.3,1,1.3,0.3,0.2,0.2,0,0.6,5,0,0,-1.1
Trey Jemison III,NOP,25,16,1,15,10.4,2.4,0.9,2,46.9,0,0,0,0.5,1.3,38.1,1.4,1.4,2.8,0.6,0.6,0.4,0.4,1.7,8.4,0,0,-1.1
Nate Williams,HOU,25,3,3,0,3.3,2.3,1,1.3,75,0.3,0.7,50,0,0,0,0,1,1,0,0,0.3,0,0,4.5,0,0,1
Lester Quinones,PHI,24,4,1,3,4.2,2.3,1,2,50,0,0.8,0,0.3,0.3,100,0.8,0.3,1,0.3,1,0,0,0,2.8,0,0,-1
Vlatko ?an?ar,DEN,27,4,1,3,8.6,2.3,1,1.8,57.1,0.3,0.5,50,0,0,0,0.8,1.3,2,0,0.5,0,0.3,1,4.9,0,0,-0.5
Olivier-Maxence Prosper,DAL,22,21,15,6,7.2,2.2,0.8,2,37.2,0.2,0.7,28.6,0.5,0.9,57.9,0.7,1.1,1.8,0.4,0.1,0.2,0.1,0.3,5.9,0,0,-0.3
Jordan McLaughlin,SAC,28,22,11,11,7.4,2.2,0.7,1.8,38.5,0.4,1,39.1,0.5,0.6,71.4,0.1,0.7,0.9,0.9,0.4,0.4,0,0.5,5.4,0,0,0.2
Jaylon Tyson,CLE,22,19,16,3,7.7,2.2,0.9,1.9,45.9,0.2,0.7,30.8,0.2,0.4,50,0.7,1,1.7,0.7,0.5,0.3,0,1.2,5.6,1,0,-0.3
Duop Reath,POR,28,14,4,10,6.2,2.1,0.8,2.1,37.9,0.6,1.6,36.4,0,0,0,0.4,0.5,0.9,0.3,0.1,0,0.1,0.7,4,0,0,-1.5
Dillon Jones,OKC,23,25,21,4,8.2,2.1,0.8,2.4,32.8,0.3,1.4,19.4,0.2,0.4,60,0.6,1.2,1.8,0.7,0.3,0.2,0.1,0.9,5.7,0,0,-0.3
Adama Sanogo,CHI,22,4,2,2,5.4,2,1,1.8,57.1,0,0,0,0,0,0,1.3,0.3,1.5,0.3,0.3,0,0,0.3,3.9,0,0,-1.3
Alex Reese,OKC,25,1,1,0,1.9,2,1,1,100,0,0,0,0,0,0,1,0,1,0,0,0,0,0,3.2,0,0,3
Bryce McGowens,POR,22,1,0,1,2.6,2,1,2,50,0,1,0,0,0,0,0,0,0,1,0,0,0,0,3.5,0,0,9
Jalen Hood-Schifino,LAL,21,2,2,0,7.1,2,0.5,0.5,100,0,0,0,1,1,100,0.5,0,0.5,0.5,0.5,0,0.5,1.5,4.4,0,0,4
Justin Edwards,PHI,21,2,1,1,4.5,2,1,1.5,66.7,0,0.5,0,0,0.5,0,0,1,1,0.5,0,0,0,0,4,0,0,-1.5
Leonard Miller,MIN,21,1,0,1,1.6,2,0,0,0,0,0,0,2,2,100,0,0,0,0,0,1,0,0,5,0,0,4
Orlando Robinson,SAC,24,8,4,4,6.3,2,0.8,1.9,40,0.1,0.6,20,0.4,0.8,50,0.4,1.1,1.5,1.1,0.4,0.3,0.1,0.8,6.2,0,0,0.9
Tyler Smith,MIL,20,11,6,5,3.5,2,0.8,1.3,64.3,0.3,0.7,37.5,0.1,0.2,50,0.1,0.8,0.9,0.1,0.3,0,0.3,0.4,3.8,0,0,1.3
Kai Jones,LAC,23,20,10,10,7.7,2,0.8,1,75,0,0,0,0.5,0.6,75,0.6,1.1,1.7,0.4,0.4,0.3,0.5,1,6.4,0,0,-0.9
Patrick Baldwin Jr.,WAS,22,14,1,13,4.3,1.9,0.7,1.4,50,0.4,0.8,45.5,0.1,0.3,50,0.2,0.6,0.9,0.1,0.1,0.1,0.1,0.3,3.8,0,0,1.6
MarJon Beauchamp,MIL,24,14,8,6,3.8,1.9,0.6,1.6,40.9,0.2,0.8,27.3,0.4,0.4,83.3,0.1,0.8,0.9,0.1,0.8,0.1,0,0.3,2.6,0,0,1.1
Christian Koloko,LAL,24,20,13,7,9.1,1.9,0.9,1.4,63,0,0.1,0,0.2,0.2,75,0.9,1.4,2.3,0.2,0.4,0.3,0.4,1.2,6.5,0,0,-0.6
Ariel Hukporti,NYK,22,12,9,3,8.2,1.8,0.8,1.2,64.3,0,0,0,0.3,0.7,50,0.3,1.5,1.8,0.5,0.8,0,0.7,1.2,6,0,0,-4
Jericho Sims,NYK,26,29,19,10,11.6,1.7,0.8,1.2,64.7,0,0,0,0.2,0.3,66.7,1.3,2.2,3.6,0.6,0.5,0.2,0.3,1.3,8,0,0,1.4
Caleb Houstan,ORL,21,21,11,10,6.2,1.7,0.5,1.6,32.4,0.4,1.3,32.1,0.2,0.2,100,0.1,0.3,0.4,0.2,0,0,0.1,0.4,2.9,0,0,-0.9
Dwight Powell,DAL,33,25,16,9,7.7,1.7,0.5,0.6,80,0,0,100,0.7,1,65.4,0.6,1,1.6,0.7,0.2,0.3,0.4,1.2,6.8,0,0,0.3
Adem Bona,PHI,21,15,2,13,6.8,1.6,0.6,0.9,64.3,0,0,0,0.4,0.5,85.7,0.6,1.2,1.8,0.1,0.4,0,0.4,1.1,4.7,0,0,0.6
James Johnson,IND,37,5,1,4,4.3,1.6,0.8,1.4,57.1,0,0.2,0,0,0.2,0,0,0.8,0.8,0.6,0.8,0,0.4,0.6,3.9,0,0,1
Yuki Kawamura,MEM,23,15,12,3,3.5,1.6,0.5,1.3,40,0.3,0.9,28.6,0.3,0.4,66.7,0,0.3,0.3,0.7,0.3,0.1,0,0.3,3,0,0,-0.1
Pac�me Dadiet,NYK,19,12,10,2,6.8,1.6,0.5,1.7,30,0.4,1.2,35.7,0.2,0.2,100,0,1.1,1.1,0.4,0.1,0.1,0.2,0.4,4.2,0,0,0.1
Cory Joseph,ORL,33,19,10,9,6.1,1.6,0.6,1.7,33.3,0.4,1.2,36.4,0,0,0,0.3,0.7,1,0.7,0.3,0.3,0.1,0.4,4.8,0,0,-0.5
Enrique Freeman,IND,24,17,4,13,7,1.5,0.6,1.3,45.5,0.1,0.4,16.7,0.3,0.5,55.6,0.2,0.6,0.8,0.4,0.2,0.1,0.1,0.9,3.5,0,0,-2.4
Jordan Walsh,BOS,20,23,17,6,8.8,1.5,0.5,1.7,31.6,0.3,1.3,24.1,0.2,0.3,50,0.5,0.8,1.3,0.3,0.2,0.3,0.3,0.7,5.1,0,0,1.6
Alex Len,SAC,31,24,11,13,7.3,1.5,0.6,1.1,57.7,0,0.2,0,0.3,0.5,54.5,0.5,1.3,1.7,0.9,0.3,0.1,0.6,0.9,6.8,0,0,-2.3
Armel Traore,LAL,21,8,4,4,7.7,1.5,0.6,2.3,27.8,0,0.9,0,0.3,0.9,28.6,0.1,1.6,1.8,0.1,0.3,0.5,0.3,0.8,5.8,0,0,-6
Matt Ryan,NYK,27,10,9,1,4.6,1.5,0.6,2.1,28.6,0.3,1.4,21.4,0,0,0,0,0.2,0.2,0,0.3,0.1,0,0,1.7,0,0,-3.2
Terrence Shannon Jr.,MIN,24,10,7,3,4.5,1.5,0.7,1.3,53.8,0.1,0.3,33.3,0,0,0,0,0.2,0.2,0.5,0.3,0.2,0.1,0.1,3.1,0,0,0.5
Colin Castleton,MEM,24,9,8,1,3.7,1.4,0.2,0.9,25,0,0.4,0,1,1,100,0.2,0.7,0.9,0,0,0,0.1,0.4,2.8,0,0,0.7
AJ Johnson,MIL,20,5,3,2,2.1,1.4,0.6,1.2,50,0.2,0.2,100,0,0,0,0,0.4,0.4,0.2,0.4,0,0,0,1.8,0,0,2
Pat Spencer,GSW,28,10,4,6,4.9,1.4,0.6,1.7,35.3,0,0.3,0,0.2,0.2,100,0.4,0.6,1,1.4,0.4,0.6,0,0.4,6.1,0,0,-0.5
Adam Flagler,OKC,25,11,10,1,3.6,1.4,0.5,1.8,25,0.5,1.7,26.3,0,0,0,0.2,0.4,0.5,0,0,0.2,0,0.4,2.6,0,0,0.9
Jack McVeigh,HOU,28,6,5,1,3.6,1.3,0.5,1.8,27.3,0.3,1.3,25,0,0,0,0.2,0.5,0.7,0.2,0.2,0,0.2,0.2,2.7,0,0,0.3
Jaden Springer,BOS,22,12,9,3,4.4,1.3,0.3,1.1,23.1,0,0.3,0,0.8,1.1,76.9,0.3,0.8,1.2,0.3,0.1,0.3,0,0.5,3.9,0,0,-1.7
Jazian Gortman,DAL,21,12,8,4,3.4,1.3,0.5,1.3,37.5,0.3,0.6,42.9,0.1,0.2,50,0.1,0.2,0.3,0.3,0.2,0.1,0.1,0.4,2.5,0,0,-0.8
Luke Travers,CLE,23,6,5,1,6.9,1.3,0.5,1.2,42.9,0,0.5,0,0.3,0.3,100,0.2,0.8,1,0.8,0.3,0.2,0.2,0.5,4.5,0,0,1
Markieff Morris,DAL,35,4,3,1,5.2,1.3,0.5,2.3,22.2,0.3,0.8,33.3,0,0,0,0,1.3,1.3,0.5,0.5,0,0.3,0,3.8,0,0,-3.5
Brandon Williams,DAL,25,5,5,0,4.3,1.2,0.4,1.8,22.2,0,0.4,0,0.4,0.6,66.7,0.2,0.6,0.8,0.4,0.4,0,0,0.4,2.4,0,0,-3.2
JD Davison,BOS,22,5,5,0,4.7,1.2,0.4,1,40,0.2,0.6,33.3,0.2,0.4,50,0,0.4,0.4,0.2,1.2,0.2,0,0.2,1.4,0,0,-6
Zeke Nnaji,DEN,23,18,12,6,4.7,1.2,0.6,1.3,41.7,0,0.5,0,0.1,0.3,20,0.1,0.3,0.4,0.2,0.1,0.1,0.1,0.4,2.4,0,0,-3.6
Xavier Tillman,BOS,25,20,18,2,7.9,1.2,0.5,1.8,25.7,0.2,1,21.1,0.1,0.1,50,0.4,1.3,1.7,0.3,0.3,0.3,0.2,0.7,4.5,0,0,0.6
Colby Jones,SAC,22,21,9,12,5.6,1.1,0.5,1.1,41.7,0.2,0.4,44.4,0,0,0,0.3,0.7,1,0.2,0.3,0.2,0.2,0.6,3.7,0,0,-0.5
Sidy Cissoko,SAS,20,12,5,7,3,1.1,0.4,0.9,45.5,0.3,0.4,60,0,0.3,0,0.2,0.5,0.7,0.4,0.1,0,0,0.4,2.4,0,0,-0.3
Dominick Barlow,ATL,21,4,2,2,4.9,1,0.3,0.8,33.3,0.3,0.3,100,0.3,0.5,50,0,0.3,0.3,0,0,0.3,0,0.5,2.1,0,0,0.8
Jared Rhoden,CHA,25,4,1,3,2.9,1,0.5,2,25,0,0.5,0,0,0,0,0.5,0.5,1,0.5,0.3,0.3,0,0.3,3.5,0,0,2
Jaylen Martin,BKN,20,3,2,1,1.6,1,0.3,0.7,50,0.3,0.3,100,0,0,0,0,0,0,0,0,0,0,0.3,1,0,0,0.3
Mouhamed Gueye,ATL,22,2,0,2,5.7,1,0.5,2,25,0,1,0,0,0,0,0,1,1,0,0.5,0,0,0,1.7,0,0,-0.5
Quinten Post,GSW,24,2,0,2,2.7,1,0.5,1.5,33.3,0,1,0,0,0,0,0.5,0,0.5,0.5,0,0,0,0,2.4,0,0,1.5
Trey Alexander,DEN,21,10,6,4,4.8,0.9,0.3,1.2,25,0.1,0.6,16.7,0.2,0.2,100,0,0.1,0.1,0.3,0.1,0,0.1,0.3,1.7,0,0,0.6
Baylor Scheierman,BOS,24,5,5,0,6.8,0.8,0.2,2,10,0,1.2,0,0.4,0.4,100,0.4,1,1.4,0.4,0,0.2,0,0.6,3.7,0,0,-2
Karlo Matkovi?,NOP,23,5,1,4,7.7,0.8,0.4,1,40,0,0,0,0,0,0,1.2,0.8,2,0,0.8,0.6,0.6,0.8,6,0,0,0.2
PJ Dozier,MIN,28,9,7,2,3.9,0.8,0.2,0.3,66.7,0.2,0.3,66.7,0.1,0.7,16.7,0.1,0.4,0.6,0.6,0.1,0.1,0,0.3,2.5,0,0,-0.4
D.J. Carton,TOR,24,4,1,3,8.3,0.8,0.3,1.8,14.3,0,0.8,0,0.3,0.3,100,0,1,1,0.8,1,0.5,0,0.3,3.6,0,0,3
Liam Robbins,MIL,25,7,3,4,4.7,0.7,0.3,0.6,50,0,0.1,0,0.1,0.6,25,0.6,0.4,1,0.1,0.1,0.1,0.1,0.6,2.8,0,0,1.9
Branden Carlson,OKC,25,6,6,0,3.6,0.7,0.2,1.3,12.5,0,1,0,0.3,0.3,100,0.5,1,1.5,0.3,0.2,0.2,0.2,0.2,3.8,0,0,2.5
Chris Livingston,MIL,21,3,3,0,2,0.7,0.3,0.7,50,0,0,0,0,0,0,0.3,0.3,0.7,0.3,0.3,0.3,0,0,2.6,0,0,1.3
Gui Santos,GSW,22,9,5,4,4.4,0.7,0.2,0.8,28.6,0.1,0.6,20,0.1,0.2,50,0.2,0.8,1,0.3,0.3,0,0.1,0.7,2.4,0,0,1.3
Keshad Johnson,MIA,23,3,2,1,4.7,0.7,0.3,0.7,50,0,0.3,0,0,0,0,0,1,1,0,0,0,0,0.3,1.9,0,0,0.7
PJ Hall,DEN,22,6,4,2,2.3,0.7,0.3,0.8,40,0,0.3,0,0,0,0,0,0.5,0.5,0,0,0,0.2,0.2,1.8,0,0,0.5
Ulrich Chomche,TOR,19,3,0,3,4.5,0.7,0.3,0.7,50,0,0,0,0,0,0,0.7,0.7,1.3,0.3,0.7,0,0,0.7,2.1,0,0,-0.3
Cui Yongxi,BKN,21,5,2,3,2.1,0.6,0.2,1.4,14.3,0,0.6,0,0.2,0.4,50,0,0.4,0.4,0,0,0,0,0,1.1,0,0,0.4
Tristen Newton,IND,23,5,0,5,1.6,0.6,0.2,1.2,16.7,0,0.6,0,0.2,0.2,100,0,0,0,0.2,0.2,0,0,0.4,0.7,0,0,-0.6
Bronny James,LAL,20,7,5,2,2.6,0.6,0.1,1.1,12.5,0,0.6,0,0.3,0.3,100,0.1,0,0.1,0.3,0,0.1,0.1,0.3,2,0,0,-2.7
Maxwell Lewis,BKN,22,7,4,3,4.2,0.6,0.3,0.9,33.3,0,0,0,0,0,0,0.3,0,0.3,0.3,0.3,0.1,0,0.1,1.5,0,0,-3.6
Garrett Temple,TOR,38,11,3,8,4.2,0.5,0.2,0.9,20,0.1,0.5,20,0,0,0,0.1,0.7,0.8,0.6,0.4,0.4,0.1,0.5,3.4,0,0,-0.1
Stanley Umude,MIL,25,8,5,3,3.3,0.4,0.1,0.6,20,0.1,0.5,25,0,0.3,0,0,0.8,0.8,0.3,0,0.1,0.1,0.1,2.4,0,0,1
Daishen Nix,MIN,22,3,3,0,4.4,0.3,0,0.3,0,0,0.3,0,0.3,0.7,50,0,1.3,1.3,1,1.3,0,0,0.3,2.1,0,0,3
Malevy Leons,OKC,25,6,6,0,3.5,0.3,0,0.3,0,0,0.2,0,0.3,0.7,50,0.2,0.3,0.5,0.2,0.2,0,0,0.7,1,0,0,-3
Reece Beekman,BKN,23,6,4,2,3.9,0.3,0.2,0.7,25,0,0.3,0,0,0,0,0.2,0,0.2,0.3,0.3,0.2,0,0.5,1.2,0,0,-2.3
Jalen Bridges,PHX,23,4,0,4,4.2,0.3,0,0.8,0,0,0.8,0,0.3,0.5,50,0,0.8,0.8,0,0.5,0,0,0,0.7,0,0,0.5
Jacob Toppin,NYK,24,9,8,1,2.7,0.2,0.1,0.3,33.3,0,0.2,0,0,0,0,0,0.4,0.4,0.4,0.1,0,0,0.1,1.3,0,0,-1.3
Alex Ducas,OKC,24,4,4,0,1.8,0,0,0.8,0,0,0.5,0,0,0,0,0,0,0,0,0,0,0,0,0,0,0,0
Cole Swider,DET,25,2,0,2,6.5,0,0,2.5,0,0,2.5,0,0,0,0,0,1,1,0.5,0,0,0,0.5,2,0,0,5
Daniss Jenkins,DET,23,2,0,2,2.5,0,0,1,0,0,1,0,0,0,0,0,0,0,0,0,0,0,0.5,0,0,0,-2.5
Harrison Ingram,SAS,22,1,0,1,6.8,0,0,1,0,0,0,0,0,0,0,0,1,1,0,0,0,0,1,1.2,0,0,0
Isaiah Crawford,SAC,23,1,1,0,5.2,0,0,0,0,0,0,0,0,0,0,0,1,1,0,0,0,0,1,1.2,0,0,3
Joe Ingles,MIN,37,7,5,2,3.7,0,0,0.3,0,0,0.3,0,0,0,0,0.3,0,0.3,1.3,0.1,0,0,0.7,2.1,0,0,-0.4
Josh Christopher,MIA,23,1,1,0,1.6,0,0,1,0,0,1,0,0,0,0,0,0,0,0,1,0,0,0,-1,0,0,-5
Justin Minaya,POR,25,1,0,1,6.1,0,0,0,0,0,0,0,0,0,0,0,1,1,0,0,0,0,1,1.2,0,0,-2
Kessler Edwards,DAL,24,11,7,4,2.2,0,0,0.5,0,0,0.4,0,0,0,0,0,0.2,0.2,0.1,0.1,0,0.1,0.4,0.5,0,0,-2.9
Mac McClung,ORL,25,1,0,1,4.9,0,0,0,0,0,0,0,0,0,0,0,1,1,2,0,0,0,0,4.2,0,0,11
Mason Jones,SAC,26,3,2,1,4.2,0,0,0.7,0,0,0.7,0,0,0,0,0.3,1,1.3,2.3,0,0,0,0.3,5.1,0,0,-0.3
Riley Minix,SAS,24,1,0,1,6.8,0,0,1,0,0,1,0,0,0,0,0,2,2,0,0,0,0,0,2.4,0,0,0
Spencer Jones,DEN,23,4,3,1,2.4,0,0,0.5,0,0,0.5,0,0,0,0,0,0.8,0.8,0,0.3,0.5,0,0.3,2.2,0,0,1.3
Tristan Vukcevic,WAS,21,2,0,2,2.6,0,0,1.5,0,0,1.5,0,0,0,0,0,0,0,0,0,0,0.5,0,1.5,0,0,-2.5
